instance,spearman_rho,p_value
0,0.9286,0.0
1,0.4121,0.1618
2,0.8681,0.0001
3,0.4505,0.1223
4,0.8242,0.0005
5,0.8187,0.0006
6,0.7143,0.0061
7,0.8681,0.0001
8,0.7308,0.0045
9,0.7198,0.0055
10,0.6264,0.022
11,0.7692,0.0021
12,0.8901,0.0
13,0.8791,0.0001
14,0.5495,0.0518
15,0.8352,0.0004
16,0.6044,0.0287
17,0.8132,0.0007
18,0.5385,0.0576
19,0.511,0.0743
20,0.8187,0.0006
21,0.7088,0.0067
22,0.5989,0.0306
23,0.6758,0.0112
24,0.8571,0.0002
25,0.9341,0.0
26,0.9176,0.0
27,0.6264,0.022
28,0.3516,0.2387
29,0.8077,0.0008
30,0.7308,0.0045
31,0.7143,0.0061
32,0.8242,0.0005
33,0.6648,0.0132
34,0.5275,0.064
35,0.8022,0.001
36,0.9396,0.0
37,0.9396,0.0
38,0.2473,0.4154
39,0.9066,0.0
40,0.4066,0.168
41,0.7473,0.0033
42,0.2802,0.3538
43,0.9066,0.0
44,0.8462,0.0003
45,0.6923,0.0087
46,0.8077,0.0008
47,0.5385,0.0576
48,0.7363,0.0041
49,0.5659,0.0438
50,0.3462,0.2466
51,0.7143,0.0061
52,0.7253,0.005
53,0.8626,0.0001
54,0.5055,0.078
55,0.2253,0.4593
56,0.3516,0.2387
57,0.8571,0.0002
58,0.6374,0.0191
59,0.6758,0.0112
60,0.5934,0.0325
61,0.6429,0.0178
62,0.5604,0.0463
63,0.5,0.0819
64,0.8297,0.0005
65,0.4396,0.1329
66,0.8462,0.0003
67,0.4835,0.0941
68,0.7088,0.0067
69,0.5604,0.0463
70,0.8407,0.0003
71,0.456,0.1173
72,0.5989,0.0306
73,0.6758,0.0112
74,0.5604,0.0463
75,0.5934,0.0325
76,0.6099,0.0269
77,0.4615,0.1124
78,-0.0824,0.789
79,0.0879,0.7752
80,0.4615,0.1124
81,0.6374,0.0191
82,0.456,0.1173
83,0.5604,0.0463
84,0.8407,0.0003
85,0.6429,0.0178
86,0.8352,0.0004
87,0.7967,0.0011
88,0.7473,0.0033
89,-0.0714,0.8166
90,0.5495,0.0518
91,0.8407,0.0003
92,0.8077,0.0008
93,0.7527,0.003
94,0.5824,0.0367
95,0.6813,0.0103
96,0.7802,0.0017
97,0.9231,0.0
98,0.6538,0.0153
99,0.5714,0.0413
100,0.6978,0.008
101,0.9176,0.0
102,0.6209,0.0235
103,0.544,0.0546
104,0.6978,0.008
105,0.5824,0.0367
106,0.7802,0.0017
107,0.7747,0.0019
108,0.6593,0.0142
109,0.5549,0.049
110,0.7198,0.0055
111,0.6264,0.022
112,0.4231,0.1497
113,0.9011,0.0
114,0.7143,0.0061
115,0.544,0.0546
116,0.7363,0.0041
117,0.4615,0.1124
118,0.4835,0.0941
119,0.6044,0.0287
120,0.8242,0.0005
121,0.5165,0.0707
122,0.3407,0.2547
123,0.5,0.0819
124,0.6813,0.0103
125,0.3132,0.2974
126,0.8077,0.0008
127,0.5659,0.0438
128,0.6868,0.0095
129,0.5385,0.0576
130,0.8956,0.0
131,0.8736,0.0001
132,0.7418,0.0037
133,0.8846,0.0001
134,0.6099,0.0269
135,0.8901,0.0
136,0.6978,0.008
137,0.7527,0.003
138,0.6319,0.0205
139,0.2637,0.3839
140,0.478,0.0985
141,0.8022,0.001
142,0.5385,0.0576
143,0.7912,0.0013
144,0.6484,0.0165
145,0.5934,0.0325
146,0.2802,0.3538
147,0.7912,0.0013
148,0.5385,0.0576
149,0.6978,0.008
150,0.8736,0.0001
151,0.7967,0.0011
152,0.8132,0.0007
153,0.9121,0.0
154,0.8462,0.0003
155,0.7747,0.0019
156,0.6319,0.0205
157,0.8132,0.0007
158,0.6264,0.022
159,0.5549,0.049
160,0.7692,0.0021
161,0.8846,0.0001
162,0.8571,0.0002
163,0.6978,0.008
164,0.5824,0.0367
165,0.8407,0.0003
166,0.7692,0.0021
167,0.6044,0.0287
168,0.4176,0.1557
169,0.7802,0.0017
170,0.7198,0.0055
171,0.7967,0.0011
172,0.5769,0.039
173,0.4835,0.0941
174,0.8956,0.0
175,0.4615,0.1124
176,0.6429,0.0178
177,0.8297,0.0005
178,0.5934,0.0325
179,0.5055,0.078
180,0.7527,0.003
181,0.9286,0.0
182,0.6154,0.0252
183,0.9121,0.0
184,0.5934,0.0325
185,0.5879,0.0346
186,0.7967,0.0011
187,0.5989,0.0306
188,0.9121,0.0
189,0.7692,0.0021
190,0.4615,0.1124
191,0.5769,0.039
192,0.6758,0.0112
193,0.6978,0.008
194,0.5495,0.0518
195,0.9725,0.0
196,0.7198,0.0055
197,0.467,0.1076
198,0.7692,0.0021
199,0.7308,0.0045
