model,metric,estimate,ci_low,ci_high,bootstrap_reps
XGBoost,AUROC,0.67584255,0.6637974999999999,0.6880025,2000
XGBoost,AUPRC,0.34536809999999996,0.3266,0.3651,2000
XGBoost,Brier,0.1595201,0.1546,0.1643025,2000
XGBoost,F1,0.41536355,0.402,0.428405,2000
XGBoost,MCC,0.2000703,0.183495,0.21630249999999998,2000
LightGBM,AUROC,0.6758033,0.6635975,0.6877,2000
LightGBM,AUPRC,0.3450551,0.3264975,0.3648025,2000
LightGBM,Brier,0.15963335,0.1547,0.1644,2000
LightGBM,F1,0.41776365,0.4042,0.4308,2000
LightGBM,MCC,0.20451889999999998,0.1871,0.22050749999999997,2000
CatBoost,AUROC,0.6764107,0.6645,0.6883,2000
CatBoost,AUPRC,0.34364329999999993,0.3245,0.36350999999999994,2000
CatBoost,Brier,0.16020645,0.1554,0.1649,2000
CatBoost,F1,0.4218087,0.40789749999999997,0.4357,2000
CatBoost,MCC,0.20948315000000003,0.19169250000000002,0.2265025,2000
Random Forest,AUROC,0.6720259000000001,0.6595975,0.6841025000000001,2000
Random Forest,AUPRC,0.33606045,0.3182,0.3551,2000
Random Forest,Brier,0.23358065,0.2303,0.2369,2000
Random Forest,F1,0.4195976,0.4058,0.43300249999999996,2000
Random Forest,MCC,0.20576499999999998,0.188,0.2227,2000
Logistic Reg.,AUROC,0.6703941999999999,0.6583,0.6826025,2000
Logistic Reg.,AUPRC,0.33909595000000003,0.320095,0.3585,2000
Logistic Reg.,Brier,0.23525505,0.2319,0.2387,2000
Logistic Reg.,F1,0.4194178,0.4050975,0.43350249999999996,2000
Logistic Reg.,MCC,0.20483584999999999,0.18589750000000002,0.223,2000
TabNet,AUROC,0.6668354000000001,0.6540975,0.6794,2000
TabNet,AUPRC,0.3308478,0.3123,0.3496,2000
TabNet,Brier,0.16213155,0.1575975,0.1668,2000
TabNet,F1,0.42144440000000005,0.4075975,0.43550249999999996,2000
TabNet,MCC,0.2086549,0.1903,0.2260025,2000
