mean_fit_time,std_fit_time,mean_score_time,std_score_time,param_learning_rate,param_l2_leaf_reg,param_iterations,param_depth,params,split0_test_score,split1_test_score,split2_test_score,mean_test_score,std_test_score,rank_test_score,split0_train_score,split1_train_score,split2_train_score,mean_train_score,std_train_score
4.989873329798381,0.11122970142376341,0.013498942057291666,0.0014110115134744637,0.08,1,800,6,"{'learning_rate': 0.08, 'l2_leaf_reg': 1, 'iterations': 800, 'depth': 6}",0.6793885447536033,0.6903635445723191,0.6840108940757865,0.6845876611339029,0.004499048079664475,12,0.9229442770702461,0.9186177616334827,0.9176263179122792,0.919729452205336,0.002308977312882833
5.221941232681274,0.44917050159645555,0.013100385665893555,0.00047191210275435397,0.03,7,500,8,"{'learning_rate': 0.03, 'l2_leaf_reg': 7, 'iterations': 500, 'depth': 8}",0.6993550492965875,0.7078856999621557,0.7013657873471741,0.7028688455353058,0.0036411891951368186,6,0.8396448567032934,0.8362331767616327,0.838603124694389,0.8381603860531049,0.0014275627562263793
1.6130175590515137,0.07370422565759487,0.009769837061564127,0.0001545332948755623,0.05,1,300,6,"{'learning_rate': 0.05, 'l2_leaf_reg': 1, 'iterations': 300, 'depth': 6}",0.7012976329367487,0.7079894239726032,0.7034147109223836,0.7042339226105785,0.0027926507908487223,3,0.7875028593585615,0.784649882829078,0.7845089954243846,0.7855539125373413,0.0013793132588739738
1.4884361426035564,0.05103143267786253,0.00935053825378418,0.00020847365637262529,0.1,3,300,4,"{'learning_rate': 0.1, 'l2_leaf_reg': 3, 'iterations': 300, 'depth': 4}",0.7011437862703316,0.7066172978920263,0.7045834313555477,0.7041148385059685,0.002258984552435655,4,0.7719077701569866,0.7685741445486386,0.7684216806797789,0.7696345317951346,0.0016086269083027196
3.014601548512777,0.2169855171736316,0.010373353958129883,0.00015494065088368482,0.08,3,300,8,"{'learning_rate': 0.08, 'l2_leaf_reg': 3, 'iterations': 300, 'depth': 8}",0.6889526138548625,0.6967297588252622,0.6907658149542805,0.692149395878135,0.0033223202838071034,11,0.9040577498190062,0.9008645411633834,0.9037729890525847,0.9028984266783248,0.0014428651795275152
2.972624937693278,0.10115879928078965,0.010982990264892578,0.00070295350466319,0.03,1,300,8,"{'learning_rate': 0.03, 'l2_leaf_reg': 1, 'iterations': 300, 'depth': 8}",0.7012566234909554,0.708292315721581,0.702195666566329,0.7039148685929552,0.0031189723732118267,5,0.8121422678154914,0.8085545123893614,0.8106947514572806,0.8104638438873778,0.0014737675028782813
2.874638080596924,0.03931584300231421,0.011315186818440756,0.00046161393078077585,0.03,10,500,6,"{'learning_rate': 0.03, 'l2_leaf_reg': 10, 'iterations': 500, 'depth': 6}",0.7034989631518614,0.7105331855098783,0.7056331286059455,0.7065550924225618,0.0029447788830253797,1,0.7770969991195736,0.7718972477664786,0.7736574036601396,0.7742172168487306,0.0021593821088594974
2.6238266626993814,0.2872140478720478,0.011468728383382162,0.0014631994869295415,0.1,3,500,5,"{'learning_rate': 0.1, 'l2_leaf_reg': 3, 'iterations': 500, 'depth': 5}",0.6910267020977826,0.6983841004467825,0.6958441210853366,0.6950849745433004,0.003051235293088177,10,0.8410762937989605,0.8385612097255504,0.8389834174851732,0.8395403070032281,0.0010996988756230368
1.2704357306162517,0.11276690266482482,0.00944979985555013,0.0004189266294843367,0.01,3,300,4,"{'learning_rate': 0.01, 'l2_leaf_reg': 3, 'iterations': 300, 'depth': 4}",0.6998697006927804,0.7058112687489599,0.6989111853322278,0.7015307182579894,0.0030519963197241772,8,0.7082688913474616,0.7055877764464116,0.7083977178365906,0.7074181285434878,0.0012953225249666977
3.0359493096669516,0.2120339271126833,0.011716047922770182,0.0007105054024548232,0.01,1,500,6,"{'learning_rate': 0.01, 'l2_leaf_reg': 1, 'iterations': 500, 'depth': 6}",0.7033448715066762,0.7102509699689348,0.7033723251450708,0.7056560555402273,0.0032491144825345553,2,0.7334951650044352,0.7313505940226304,0.7329113100425813,0.7325856896898824,0.0009052872967806885
3.00315531094869,0.14380665774764606,0.013116121292114258,0.0036371755179851572,0.05,5,300,8,"{'learning_rate': 0.05, 'l2_leaf_reg': 5, 'iterations': 300, 'depth': 8}",0.6956861982685685,0.7057229294051544,0.7001496340441387,0.7005195872392872,0.004105820421627371,9,0.8480334558609972,0.8395638502208391,0.842698104040719,0.8434318033741851,0.003496406818329915
3.692952791849772,0.05075822845174671,0.013284842173258463,0.0016941111412966372,0.05,3,800,4,"{'learning_rate': 0.05, 'l2_leaf_reg': 3, 'iterations': 800, 'depth': 4}",0.6996650454298428,0.7063508589837535,0.7023427182631102,0.7027862075589022,0.002747427619431874,7,0.7879864605865674,0.7840578238064786,0.7855642047215052,0.7858694963715172,0.0016183219665529814
