instance,top_fraction,comprehensiveness,sufficiency,full_probability
0,0.2,0.2167012020945549,0.00790271908044815,0.07877076417207718
1,0.2,0.03804495930671692,0.1168365329504013,0.2758955955505371
2,0.2,0.1963493525981903,0.12804827094078064,0.548395037651062
3,0.2,0.185169517993927,0.04398246854543686,0.12346062064170837
4,0.2,0.1460845023393631,0.10618188977241516,0.39560022950172424
5,0.2,0.3280756175518036,0.0340389609336853,0.5933345556259155
6,0.2,0.0826716423034668,0.010745972394943237,0.1887582242488861
7,0.2,0.21906216442584991,0.06437809765338898,0.14338727295398712
8,0.2,0.05275028944015503,0.06912904977798462,0.3445869982242584
9,0.2,0.1597527265548706,0.05054497718811035,0.38641050457954407
10,0.2,0.03072178363800049,0.1898604780435562,0.3860132694244385
11,0.2,0.19358403980731964,0.15603529289364815,0.2148464173078537
12,0.2,0.043526411056518555,0.10835541784763336,0.34378519654273987
13,0.2,0.10209652781486511,0.091326043009758,0.25116127729415894
14,0.2,0.20549354702234268,0.015541084110736847,0.09167449921369553
15,0.2,0.013212591409683228,0.03501749038696289,0.3508703410625458
16,0.2,0.1229485273361206,0.1122315376996994,0.22506999969482422
17,0.2,0.13507506251335144,0.047921255230903625,0.16602382063865662
18,0.2,0.0480729341506958,0.056405991315841675,0.34784138202667236
19,0.2,0.05256733298301697,0.07694214582443237,0.3855191469192505
20,0.2,0.13075324892997742,0.1220594197511673,0.2504199743270874
21,0.2,0.05582737922668457,0.13348254561424255,0.4424075484275818
22,0.2,0.39832766726613045,0.020377758890390396,0.05336527153849602
23,0.2,0.35009293258190155,0.011381663382053375,0.08514650166034698
24,0.2,0.016265541315078735,0.12144120037555695,0.34835416078567505
25,0.2,0.08896423876285553,0.023154452443122864,0.23556672036647797
26,0.2,0.4033842980861664,0.045555949211120605,0.6568004488945007
27,0.2,0.06817594170570374,0.010562509298324585,0.4266245663166046
28,0.2,0.06612423062324524,0.045278698205947876,0.33608195185661316
29,0.2,0.1857556402683258,0.20013427734375,0.5781819224357605
30,0.2,0.0903148204088211,0.08432283997535706,0.2100256234407425
31,0.2,0.10004976391792297,0.00028586387634277344,0.1418488621711731
32,0.2,0.1404535174369812,0.09884193539619446,0.48030799627304077
33,0.2,0.10246647894382477,0.06263431906700134,0.20795704424381256
34,0.2,0.11563383042812347,0.03665722906589508,0.24498461186885834
35,0.2,0.0008629858493804932,0.012029841542243958,0.22120599448680878
36,0.2,0.13985472917556763,0.009348422288894653,0.24460342526435852
37,0.2,0.10577002167701721,0.08871409296989441,0.2566376328468323
38,0.2,0.22884591668844223,0.04561900347471237,0.11285988241434097
39,0.2,0.10224957764148712,0.01669040322303772,0.3270954191684723
40,0.2,0.20439083874225616,0.03369125723838806,0.09669552743434906
41,0.2,0.10134387016296387,0.06976179778575897,0.26175910234451294
42,0.2,0.004651427268981934,0.07473999261856079,0.3435184061527252
43,0.2,0.11811816692352295,0.1561027616262436,0.2943578064441681
44,0.2,0.07331699132919312,0.08828853070735931,0.2521384060382843
45,0.2,0.12120267748832703,0.07626748830080032,0.16970250010490417
46,0.2,0.3254745975136757,0.025196760892868042,0.0799742266535759
47,0.2,0.18548357486724854,0.0790531113743782,0.19761592149734497
48,0.2,0.36650167033076286,0.000940173864364624,0.05341951921582222
49,0.2,0.25081880390644073,0.010689467191696167,0.09597061574459076
50,0.2,0.2798256129026413,0.06555651873350143,0.13858871161937714
51,0.2,0.19136032462120056,0.1505858302116394,0.6164957880973816
52,0.2,0.1384829878807068,0.196926087141037,0.5218233466148376
53,0.2,0.03678858280181885,0.09826101362705231,0.2822257876396179
54,0.2,0.0020152032375335693,0.11368563771247864,0.338005930185318
55,0.2,0.00042247772216796875,0.04003986716270447,0.298916220664978
56,0.2,0.1709626019001007,0.16700264811515808,0.4787869453430176
57,0.2,0.0713624656200409,0.13167066872119904,0.2947617173194885
58,0.2,0.14542615413665771,0.0929955542087555,0.26764410734176636
59,0.2,0.04731255769729614,0.06847336888313293,0.3325234055519104
60,0.2,0.15688955783843994,0.021237969398498535,0.4141990542411804
61,0.2,0.11745387315750122,0.11163979768753052,0.2996949851512909
62,0.2,0.20850902795791626,0.007274366915225983,0.12544113397598267
63,0.2,0.16527298092842102,0.12677273154258728,0.47873663902282715
64,0.2,0.20381972193717957,0.051175765693187714,0.13687348365783691
65,0.2,0.015658468008041382,0.14640337228775024,0.3822597563266754
66,0.2,0.08220082521438599,0.028888732194900513,0.3183792233467102
67,0.2,0.17915192246437073,0.019718855619430542,0.4527265429496765
68,0.2,0.10722334682941437,0.073330357670784,0.17267028987407684
69,0.2,0.17562128603458405,0.05000180006027222,0.42094680666923523
70,0.2,0.1149994283914566,0.048673294484615326,0.14490143954753876
71,0.2,0.28372742235660553,0.0729789137840271,0.5290654897689819
72,0.2,0.2437904179096222,0.09782369434833527,0.16394862532615662
73,0.2,0.14138132333755493,0.02599109709262848,0.19868451356887817
74,0.2,0.14652203023433685,0.041401207447052,0.3913792371749878
75,0.2,0.032372236251831055,0.14889903366565704,0.32564693689346313
76,0.2,0.013770103454589844,0.20604361593723297,0.3912036120891571
77,0.2,0.21465982496738434,0.004216372966766357,0.44957396388053894
78,0.2,0.038931041955947876,0.05331487953662872,0.21716633439064026
79,0.2,0.05126422643661499,0.12097623944282532,0.3765515983104706
80,0.2,0.15734443068504333,0.11659016460180283,0.2273644506931305
81,0.2,0.028495579957962036,0.09441819787025452,0.2988922595977783
82,0.2,0.03105589747428894,0.12894529104232788,0.35823845863342285
83,0.2,0.1268494427204132,0.002874031662940979,0.18339157104492188
84,0.2,0.15789788961410522,0.04267445206642151,0.17966735363006592
85,0.2,0.0410306453704834,0.0061806440353393555,0.2933323383331299
86,0.2,0.057998597621917725,0.023512333631515503,0.33034747838974
87,0.2,0.2534468173980713,0.028328627347946167,0.5057251453399658
88,0.2,0.0423319935798645,0.009643644094467163,0.22596964240074158
89,0.2,0.28603028133511543,0.018817033618688583,0.04597378894686699
90,0.2,0.13555988669395447,0.21316570043563843,0.49547162652015686
91,0.2,0.07110998034477234,0.007355213165283203,0.360314279794693
92,0.2,0.1679573804140091,0.06688898056745529,0.1740618795156479
93,0.2,0.12678225338459015,0.05128216743469238,0.34965401887893677
94,0.2,0.06032624840736389,0.12172718346118927,0.3536510467529297
95,0.2,0.05077725648880005,0.14939633011817932,0.35845091938972473
96,0.2,0.25087398290634155,0.02948722243309021,0.47589796781539917
97,0.2,0.3809426724910736,0.025583982467651367,0.689929187297821
98,0.2,0.033844441175460815,0.16824620217084885,0.25951001048088074
99,0.2,0.11009183526039124,0.017508208751678467,0.4425489008426666
