mean_fit_time,std_fit_time,mean_score_time,std_score_time,param_model__subsample,param_model__reg_lambda,param_model__reg_alpha,param_model__n_estimators,param_model__max_depth,param_model__learning_rate,param_model__gamma,param_model__colsample_bytree,params,split0_test_score,split1_test_score,split2_test_score,mean_test_score,std_test_score,rank_test_score,split0_train_score,split1_train_score,split2_train_score,mean_train_score,std_train_score
0.5944836139678955,0.46101753754666613,0.03139177958170573,0.0029285176438492884,1.0,0.5,0.5,300,5,0.03,0.2,0.7,"{'model__subsample': 1.0, 'model__reg_lambda': 0.5, 'model__reg_alpha': 0.5, 'model__n_estimators': 300, 'model__max_depth': 5, 'model__learning_rate': 0.03, 'model__gamma': 0.2, 'model__colsample_bytree': 0.7}",0.49617450515921224,0.6839672476478869,0.6825644589433558,0.620902070583485,0.08819756662001156,4,0.8472418670438473,0.8921063383410285,0.8623094030381279,0.867219202807668,0.018641974082280556
0.4226389726003011,0.24453114279703156,0.03566678365071615,0.006071928814193025,0.7,5.0,0.05,500,8,0.01,0.0,0.7,"{'model__subsample': 0.7, 'model__reg_lambda': 5.0, 'model__reg_alpha': 0.05, 'model__n_estimators': 500, 'model__max_depth': 8, 'model__learning_rate': 0.01, 'model__gamma': 0, 'model__colsample_bytree': 0.7}",0.5186714977878403,0.6793939700833493,0.6587523974814142,0.6189392884508679,0.0713990710173169,5,0.8507779349363508,0.9059815425055715,0.8506829440543746,0.8691474738320989,0.0260456486077615
0.5887595812479655,0.5364818779649253,0.03340864181518555,0.005795428566455593,0.9,1.0,0.1,800,3,0.05,0.2,0.9,"{'model__subsample': 0.9, 'model__reg_lambda': 1.0, 'model__reg_alpha': 0.1, 'model__n_estimators': 800, 'model__max_depth': 3, 'model__learning_rate': 0.05, 'model__gamma': 0.2, 'model__colsample_bytree': 0.9}",0.4967775224746262,0.6933118967804661,0.6965749922584457,0.6288881371711793,0.09342580954836283,2,0.8995756718528995,0.8487716023835759,0.8346788854385396,0.8610087198916716,0.027871233741475834
0.5513747533162435,0.38654370501542995,0.034923553466796875,0.0010114316931454845,0.8,2.0,0.5,500,5,0.03,0.05,0.7,"{'model__subsample': 0.8, 'model__reg_lambda': 2.0, 'model__reg_alpha': 0.5, 'model__n_estimators': 500, 'model__max_depth': 5, 'model__learning_rate': 0.03, 'model__gamma': 0.05, 'model__colsample_bytree': 0.7}",0.5247728066918728,0.6823733808650915,0.6864378767256465,0.6311946880942035,0.07526992609960031,1,0.8182461103253182,0.874405616384035,0.854469384014155,0.8490403702411694,0.02324619213405659
0.28818925221761066,0.16903650732526038,0.030536969502766926,0.003663455454423733,0.9,2.0,0.0,800,6,0.08,0.2,0.8,"{'model__subsample': 0.9, 'model__reg_lambda': 2.0, 'model__reg_alpha': 0, 'model__n_estimators': 800, 'model__max_depth': 6, 'model__learning_rate': 0.08, 'model__gamma': 0.2, 'model__colsample_bytree': 0.8}",0.5080692629033299,0.6797441792163337,0.6840597191916137,0.6239577204370924,0.0819644512923563,3,0.9257425742574257,0.9036601659175423,0.8956046805478733,0.9083358069076137,0.012740208614542541
0.6009703477223715,0.448323416513847,0.038739681243896484,0.0015423399541648277,1.0,0.5,0.1,800,8,0.01,0.05,0.9,"{'model__subsample': 1.0, 'model__reg_lambda': 0.5, 'model__reg_alpha': 0.1, 'model__n_estimators': 800, 'model__max_depth': 8, 'model__learning_rate': 0.01, 'model__gamma': 0.05, 'model__colsample_bytree': 0.9}",0.48811077538279113,0.6368345469460508,0.650450090378148,0.59179847090233,0.07352867652534069,12,0.8599717114568599,0.9129166433376991,0.8886323379065542,0.8871735642337044,0.021639277074155756
0.38154395421346027,0.2588786310742236,0.03387967745463053,0.0016840147037549828,1.0,1.0,0.1,800,6,0.05,0.0,1.0,"{'model__subsample': 1.0, 'model__reg_lambda': 1.0, 'model__reg_alpha': 0.1, 'model__n_estimators': 800, 'model__max_depth': 6, 'model__learning_rate': 0.05, 'model__gamma': 0, 'model__colsample_bytree': 1.0}",0.49909887962752547,0.6680385047751188,0.6693508856578401,0.6121627566868281,0.07995002942528606,9,0.8910891089108911,0.8889679428237306,0.8745324640100703,0.8848631719148973,0.007356062386606543
0.5378445784250895,0.47593844421150827,0.03437328338623047,0.003714856556159184,1.0,1.0,0.05,500,6,0.03,0.2,0.7,"{'model__subsample': 1.0, 'model__reg_lambda': 1.0, 'model__reg_alpha': 0.05, 'model__n_estimators': 500, 'model__max_depth': 6, 'model__learning_rate': 0.03, 'model__gamma': 0.2, 'model__colsample_bytree': 0.7}",0.49617450515921224,0.6719620016001459,0.6814455942753306,0.6165273670115629,0.08519034823869605,6,0.8472418670438473,0.8875478099534749,0.8922617617959118,0.875683812931078,0.02020335862973156
0.4543553988138835,0.3105771963553017,0.1187743345896403,0.12823845037923456,0.9,0.5,0.0,300,8,0.05,0.0,0.9,"{'model__subsample': 0.9, 'model__reg_lambda': 0.5, 'model__reg_alpha': 0, 'model__n_estimators': 300, 'model__max_depth': 8, 'model__learning_rate': 0.05, 'model__gamma': 0, 'model__colsample_bytree': 0.9}",0.5003656383778929,0.6701031992789215,0.6751107222330244,0.6151931866299463,0.08122106951490356,7,0.7383309759547383,0.9541895314600509,0.9338329092265569,0.8754511388804488,0.09731410424588796
0.5288348992665609,0.31385766216214656,0.034548441569010414,0.0031614507744355132,0.8,1.0,0.05,300,3,0.01,0.1,1.0,"{'model__subsample': 0.8, 'model__reg_lambda': 1.0, 'model__reg_alpha': 0.05, 'model__n_estimators': 300, 'model__max_depth': 3, 'model__learning_rate': 0.01, 'model__gamma': 0.1, 'model__colsample_bytree': 1.0}",0.49767014832832546,0.6736900578280552,0.6582617389571825,0.6098739817045211,0.07958971216612583,10,0.8536067892503535,0.829486506813694,0.773253048142496,0.8187821147355144,0.03366619407090435
0.2772792975107829,0.19061721710623547,0.03041871388753255,0.0036269440239968345,0.7,1.0,0.5,500,5,0.05,0.05,1.0,"{'model__subsample': 0.7, 'model__reg_lambda': 1.0, 'model__reg_alpha': 0.5, 'model__n_estimators': 500, 'model__max_depth': 5, 'model__learning_rate': 0.05, 'model__gamma': 0.05, 'model__colsample_bytree': 1.0}",0.48924419356779447,0.6676956887209974,0.6796445126181337,0.6121947983023085,0.08707595152726623,8,0.922913719943423,0.8530980676688215,0.8477133521507623,0.8745750465876689,0.034251221843396316
0.3248767852783203,0.09781891737701941,0.035241285959879555,0.006598187460021326,0.8,0.5,0.0,300,8,0.01,0.0,0.7,"{'model__subsample': 0.8, 'model__reg_lambda': 0.5, 'model__reg_alpha': 0, 'model__n_estimators': 300, 'model__max_depth': 8, 'model__learning_rate': 0.01, 'model__gamma': 0, 'model__colsample_bytree': 0.7}",0.5011648245250628,0.6682970599852138,0.6567039461523874,0.6087219435542214,0.07620148932260509,11,0.9094766619519093,0.9172762020863889,0.8618874608381061,0.8962134416254681,0.02448009973206946
