run_id,seed,cutoff,dataset,split_mode,protocol,fast,tune,tune_iter,inner_folds,inner_temporal_folds,threshold_criterion,skip_xai,best_model,best_oof_AUROC,best_test_AUROC,best_threshold,probe_imbalance_strategy,champion_imbalance_strategy,strategy_selection,resampling_helped,dataset_checksums,source_fingerprint,revision_analyses,reliability_selected_model,results_dir,figures_dir
seed_42,42,,uci,random,v3_nested_selection,False,True,12,5,3,f1,False,CatBoost,0.787457258991057,0.7828942774562653,0.5700000000000001,None,ClassWeight,per_model,False,{'uci': '4edce6da569b2c30788a85fd98a9bafb1a983e8ca1a7aac875dd7ff853cbd0bb'},556fd607373fcf5f6cfd7b0e7cf7aaec08021718f8107538689a7dc01a0bb3be,True,,/Users/harekrishna/Downloads/credit-default-xai-benchmark 2/results/outputs/uci/runs/seed_42/results,/Users/harekrishna/Downloads/credit-default-xai-benchmark 2/results/outputs/uci/runs/seed_42/figures
seed_99,99,,uci,random,v3_nested_selection,False,True,12,5,3,f1,False,CatBoost,0.784323666592936,0.7953397888848555,0.26,None,None,per_model,False,{'uci': '4edce6da569b2c30788a85fd98a9bafb1a983e8ca1a7aac875dd7ff853cbd0bb'},556fd607373fcf5f6cfd7b0e7cf7aaec08021718f8107538689a7dc01a0bb3be,True,,/Users/harekrishna/Downloads/credit-default-xai-benchmark 2/results/outputs/uci/runs/seed_99/results,/Users/harekrishna/Downloads/credit-default-xai-benchmark 2/results/outputs/uci/runs/seed_99/figures
seed_123,123,,uci,random,v3_nested_selection,False,True,12,5,3,f1,False,XGBoost,0.7859856905515126,0.7872813422068542,0.29,None,None,per_model,False,{'uci': '4edce6da569b2c30788a85fd98a9bafb1a983e8ca1a7aac875dd7ff853cbd0bb'},556fd607373fcf5f6cfd7b0e7cf7aaec08021718f8107538689a7dc01a0bb3be,True,,/Users/harekrishna/Downloads/credit-default-xai-benchmark 2/results/outputs/uci/runs/seed_123/results,/Users/harekrishna/Downloads/credit-default-xai-benchmark 2/results/outputs/uci/runs/seed_123/figures
seed_326,326,,uci,random,v3_nested_selection,False,True,12,5,3,f1,False,CatBoost,0.7869047827916732,0.785015040143872,0.29,None,None,per_model,False,{'uci': '4edce6da569b2c30788a85fd98a9bafb1a983e8ca1a7aac875dd7ff853cbd0bb'},556fd607373fcf5f6cfd7b0e7cf7aaec08021718f8107538689a7dc01a0bb3be,True,,/Users/harekrishna/Downloads/credit-default-xai-benchmark 2/results/outputs/uci/runs/seed_326/results,/Users/harekrishna/Downloads/credit-default-xai-benchmark 2/results/outputs/uci/runs/seed_326/figures
seed_456,456,,uci,random,v3_nested_selection,False,True,12,5,3,f1,False,CatBoost,0.7866624379945045,0.7873318979898796,0.55,None,ClassWeight,per_model,False,{'uci': '4edce6da569b2c30788a85fd98a9bafb1a983e8ca1a7aac875dd7ff853cbd0bb'},556fd607373fcf5f6cfd7b0e7cf7aaec08021718f8107538689a7dc01a0bb3be,True,,/Users/harekrishna/Downloads/credit-default-xai-benchmark 2/results/outputs/uci/runs/seed_456/results,/Users/harekrishna/Downloads/credit-default-xai-benchmark 2/results/outputs/uci/runs/seed_456/figures
seed_515,515,,uci,random,v3_nested_selection,False,True,12,5,3,f1,False,CatBoost,0.7837515946077034,0.7922462910036024,0.27,None,None,per_model,False,{'uci': '4edce6da569b2c30788a85fd98a9bafb1a983e8ca1a7aac875dd7ff853cbd0bb'},556fd607373fcf5f6cfd7b0e7cf7aaec08021718f8107538689a7dc01a0bb3be,True,,/Users/harekrishna/Downloads/credit-default-xai-benchmark 2/results/outputs/uci/runs/seed_515/results,/Users/harekrishna/Downloads/credit-default-xai-benchmark 2/results/outputs/uci/runs/seed_515/figures
seed_689,689,,uci,random,v3_nested_selection,False,True,12,5,3,f1,False,CatBoost,0.7845029058046145,0.7930072885796664,0.26,None,None,per_model,False,{'uci': '4edce6da569b2c30788a85fd98a9bafb1a983e8ca1a7aac875dd7ff853cbd0bb'},556fd607373fcf5f6cfd7b0e7cf7aaec08021718f8107538689a7dc01a0bb3be,True,,/Users/harekrishna/Downloads/credit-default-xai-benchmark 2/results/outputs/uci/runs/seed_689/results,/Users/harekrishna/Downloads/credit-default-xai-benchmark 2/results/outputs/uci/runs/seed_689/figures
seed_777,777,,uci,random,v3_nested_selection,False,True,12,5,3,f1,False,LightGBM,0.7856803409443016,0.7928856160492277,0.26,None,None,per_model,False,{'uci': '4edce6da569b2c30788a85fd98a9bafb1a983e8ca1a7aac875dd7ff853cbd0bb'},556fd607373fcf5f6cfd7b0e7cf7aaec08021718f8107538689a7dc01a0bb3be,True,,/Users/harekrishna/Downloads/credit-default-xai-benchmark 2/results/outputs/uci/runs/seed_777/results,/Users/harekrishna/Downloads/credit-default-xai-benchmark 2/results/outputs/uci/runs/seed_777/figures
seed_872,872,,uci,random,v3_nested_selection,False,True,12,5,3,f1,False,CatBoost,0.7899469668197543,0.7740485474202763,0.28,None,None,per_model,False,{'uci': '4edce6da569b2c30788a85fd98a9bafb1a983e8ca1a7aac875dd7ff853cbd0bb'},556fd607373fcf5f6cfd7b0e7cf7aaec08021718f8107538689a7dc01a0bb3be,True,,/Users/harekrishna/Downloads/credit-default-xai-benchmark 2/results/outputs/uci/runs/seed_872/results,/Users/harekrishna/Downloads/credit-default-xai-benchmark 2/results/outputs/uci/runs/seed_872/figures
seed_999,999,,uci,random,v3_nested_selection,False,True,12,5,3,f1,False,LightGBM,0.7868019515246111,0.7887035158926579,0.26,None,None,per_model,False,{'uci': '4edce6da569b2c30788a85fd98a9bafb1a983e8ca1a7aac875dd7ff853cbd0bb'},556fd607373fcf5f6cfd7b0e7cf7aaec08021718f8107538689a7dc01a0bb3be,True,,/Users/harekrishna/Downloads/credit-default-xai-benchmark 2/results/outputs/uci/runs/seed_999/results,/Users/harekrishna/Downloads/credit-default-xai-benchmark 2/results/outputs/uci/runs/seed_999/figures
