seed,dataset,split_mode,temporal_column,external_datasets,fast,tune,tune_iter,skip_xai,full_ablation,best_model,best_validation_AUROC,best_test_AUROC,best_threshold,best_smote_strategy,resampling_helped,seed_list,dataset_file_sha256,dataset_checksums,split_indices,source_fingerprint,revision_analyses,reliability_selected_model,figures_dir,results_dir,models_dir
42,uci,random,,[],False,True,12,False,False,LightGBM,0.7945,0.7811,0.33000000000000007,None,False,"[42, 99, 123, 326, 456, 515, 689, 777, 872, 999]",4edce6da569b2c30788a85fd98a9bafb1a983e8ca1a7aac875dd7ff853cbd0bb,{'uci': '4edce6da569b2c30788a85fd98a9bafb1a983e8ca1a7aac875dd7ff853cbd0bb'},/Users/harekrishna/Downloads/discover_ai_credit_experiment_v2/results/outputs/uci/runs/seed_42/results/split_indices.json,3ff7b561eb577f8a461dbd8c0d472ffec7bdbe3b1e8d0e783bfc7d80b4eaad8c,True,,/Users/harekrishna/Downloads/discover_ai_credit_experiment_v2/results/outputs/uci/runs/seed_42/figures,/Users/harekrishna/Downloads/discover_ai_credit_experiment_v2/results/outputs/uci/runs/seed_42/results,/Users/harekrishna/Downloads/discover_ai_credit_experiment_v2/results/outputs/uci/runs/seed_42/models
99,uci,random,,[],False,True,12,False,False,CatBoost,0.7888,0.7954,0.27,None,False,"[42, 99, 123, 326, 456, 515, 689, 777, 872, 999]",4edce6da569b2c30788a85fd98a9bafb1a983e8ca1a7aac875dd7ff853cbd0bb,{'uci': '4edce6da569b2c30788a85fd98a9bafb1a983e8ca1a7aac875dd7ff853cbd0bb'},/Users/harekrishna/Downloads/discover_ai_credit_experiment_v2/results/outputs/uci/runs/seed_99/results/split_indices.json,3ff7b561eb577f8a461dbd8c0d472ffec7bdbe3b1e8d0e783bfc7d80b4eaad8c,True,,/Users/harekrishna/Downloads/discover_ai_credit_experiment_v2/results/outputs/uci/runs/seed_99/figures,/Users/harekrishna/Downloads/discover_ai_credit_experiment_v2/results/outputs/uci/runs/seed_99/results,/Users/harekrishna/Downloads/discover_ai_credit_experiment_v2/results/outputs/uci/runs/seed_99/models
123,uci,random,,[],False,True,12,False,False,XGBoost,0.7981,0.7882,0.27,None,False,"[42, 99, 123, 326, 456, 515, 689, 777, 872, 999]",4edce6da569b2c30788a85fd98a9bafb1a983e8ca1a7aac875dd7ff853cbd0bb,{'uci': '4edce6da569b2c30788a85fd98a9bafb1a983e8ca1a7aac875dd7ff853cbd0bb'},/Users/harekrishna/Downloads/discover_ai_credit_experiment_v2/results/outputs/uci/runs/seed_123/results/split_indices.json,3ff7b561eb577f8a461dbd8c0d472ffec7bdbe3b1e8d0e783bfc7d80b4eaad8c,True,,/Users/harekrishna/Downloads/discover_ai_credit_experiment_v2/results/outputs/uci/runs/seed_123/figures,/Users/harekrishna/Downloads/discover_ai_credit_experiment_v2/results/outputs/uci/runs/seed_123/results,/Users/harekrishna/Downloads/discover_ai_credit_experiment_v2/results/outputs/uci/runs/seed_123/models
326,uci,random,,[],False,True,12,False,False,XGBoost,0.7822,0.7833,0.25000000000000006,None,False,"[42, 99, 123, 326, 456, 515, 689, 777, 872, 999]",4edce6da569b2c30788a85fd98a9bafb1a983e8ca1a7aac875dd7ff853cbd0bb,{'uci': '4edce6da569b2c30788a85fd98a9bafb1a983e8ca1a7aac875dd7ff853cbd0bb'},/Users/harekrishna/Downloads/discover_ai_credit_experiment_v2/results/outputs/uci/runs/seed_326/results/split_indices.json,3ff7b561eb577f8a461dbd8c0d472ffec7bdbe3b1e8d0e783bfc7d80b4eaad8c,True,,/Users/harekrishna/Downloads/discover_ai_credit_experiment_v2/results/outputs/uci/runs/seed_326/figures,/Users/harekrishna/Downloads/discover_ai_credit_experiment_v2/results/outputs/uci/runs/seed_326/results,/Users/harekrishna/Downloads/discover_ai_credit_experiment_v2/results/outputs/uci/runs/seed_326/models
456,uci,random,,[],False,True,12,False,False,CatBoost,0.797,0.7867,0.25000000000000006,None,False,"[42, 99, 123, 326, 456, 515, 689, 777, 872, 999]",4edce6da569b2c30788a85fd98a9bafb1a983e8ca1a7aac875dd7ff853cbd0bb,{'uci': '4edce6da569b2c30788a85fd98a9bafb1a983e8ca1a7aac875dd7ff853cbd0bb'},/Users/harekrishna/Downloads/discover_ai_credit_experiment_v2/results/outputs/uci/runs/seed_456/results/split_indices.json,3ff7b561eb577f8a461dbd8c0d472ffec7bdbe3b1e8d0e783bfc7d80b4eaad8c,True,,/Users/harekrishna/Downloads/discover_ai_credit_experiment_v2/results/outputs/uci/runs/seed_456/figures,/Users/harekrishna/Downloads/discover_ai_credit_experiment_v2/results/outputs/uci/runs/seed_456/results,/Users/harekrishna/Downloads/discover_ai_credit_experiment_v2/results/outputs/uci/runs/seed_456/models
515,uci,random,,[],False,True,12,False,False,XGBoost,0.7814,0.793,0.30000000000000004,None,False,"[42, 99, 123, 326, 456, 515, 689, 777, 872, 999]",4edce6da569b2c30788a85fd98a9bafb1a983e8ca1a7aac875dd7ff853cbd0bb,{'uci': '4edce6da569b2c30788a85fd98a9bafb1a983e8ca1a7aac875dd7ff853cbd0bb'},/Users/harekrishna/Downloads/discover_ai_credit_experiment_v2/results/outputs/uci/runs/seed_515/results/split_indices.json,3ff7b561eb577f8a461dbd8c0d472ffec7bdbe3b1e8d0e783bfc7d80b4eaad8c,True,,/Users/harekrishna/Downloads/discover_ai_credit_experiment_v2/results/outputs/uci/runs/seed_515/figures,/Users/harekrishna/Downloads/discover_ai_credit_experiment_v2/results/outputs/uci/runs/seed_515/results,/Users/harekrishna/Downloads/discover_ai_credit_experiment_v2/results/outputs/uci/runs/seed_515/models
689,uci,random,,[],False,True,12,False,False,XGBoost,0.7802,0.7936,0.27,None,False,"[42, 99, 123, 326, 456, 515, 689, 777, 872, 999]",4edce6da569b2c30788a85fd98a9bafb1a983e8ca1a7aac875dd7ff853cbd0bb,{'uci': '4edce6da569b2c30788a85fd98a9bafb1a983e8ca1a7aac875dd7ff853cbd0bb'},/Users/harekrishna/Downloads/discover_ai_credit_experiment_v2/results/outputs/uci/runs/seed_689/results/split_indices.json,3ff7b561eb577f8a461dbd8c0d472ffec7bdbe3b1e8d0e783bfc7d80b4eaad8c,True,,/Users/harekrishna/Downloads/discover_ai_credit_experiment_v2/results/outputs/uci/runs/seed_689/figures,/Users/harekrishna/Downloads/discover_ai_credit_experiment_v2/results/outputs/uci/runs/seed_689/results,/Users/harekrishna/Downloads/discover_ai_credit_experiment_v2/results/outputs/uci/runs/seed_689/models
777,uci,random,,[],False,True,12,False,False,LightGBM,0.7953,0.7923,0.29000000000000004,None,False,"[42, 99, 123, 326, 456, 515, 689, 777, 872, 999]",4edce6da569b2c30788a85fd98a9bafb1a983e8ca1a7aac875dd7ff853cbd0bb,{'uci': '4edce6da569b2c30788a85fd98a9bafb1a983e8ca1a7aac875dd7ff853cbd0bb'},/Users/harekrishna/Downloads/discover_ai_credit_experiment_v2/results/outputs/uci/runs/seed_777/results/split_indices.json,3ff7b561eb577f8a461dbd8c0d472ffec7bdbe3b1e8d0e783bfc7d80b4eaad8c,True,,/Users/harekrishna/Downloads/discover_ai_credit_experiment_v2/results/outputs/uci/runs/seed_777/figures,/Users/harekrishna/Downloads/discover_ai_credit_experiment_v2/results/outputs/uci/runs/seed_777/results,/Users/harekrishna/Downloads/discover_ai_credit_experiment_v2/results/outputs/uci/runs/seed_777/models
872,uci,random,,[],False,True,12,False,False,CatBoost,0.8082,0.7782,0.32000000000000006,None,False,"[42, 99, 123, 326, 456, 515, 689, 777, 872, 999]",4edce6da569b2c30788a85fd98a9bafb1a983e8ca1a7aac875dd7ff853cbd0bb,{'uci': '4edce6da569b2c30788a85fd98a9bafb1a983e8ca1a7aac875dd7ff853cbd0bb'},/Users/harekrishna/Downloads/discover_ai_credit_experiment_v2/results/outputs/uci/runs/seed_872/results/split_indices.json,3ff7b561eb577f8a461dbd8c0d472ffec7bdbe3b1e8d0e783bfc7d80b4eaad8c,True,,/Users/harekrishna/Downloads/discover_ai_credit_experiment_v2/results/outputs/uci/runs/seed_872/figures,/Users/harekrishna/Downloads/discover_ai_credit_experiment_v2/results/outputs/uci/runs/seed_872/results,/Users/harekrishna/Downloads/discover_ai_credit_experiment_v2/results/outputs/uci/runs/seed_872/models
999,uci,random,,[],False,True,12,False,False,LightGBM,0.7943,0.7885,0.27,None,False,"[42, 99, 123, 326, 456, 515, 689, 777, 872, 999]",4edce6da569b2c30788a85fd98a9bafb1a983e8ca1a7aac875dd7ff853cbd0bb,{'uci': '4edce6da569b2c30788a85fd98a9bafb1a983e8ca1a7aac875dd7ff853cbd0bb'},/Users/harekrishna/Downloads/discover_ai_credit_experiment_v2/results/outputs/uci/runs/seed_999/results/split_indices.json,3ff7b561eb577f8a461dbd8c0d472ffec7bdbe3b1e8d0e783bfc7d80b4eaad8c,True,,/Users/harekrishna/Downloads/discover_ai_credit_experiment_v2/results/outputs/uci/runs/seed_999/figures,/Users/harekrishna/Downloads/discover_ai_credit_experiment_v2/results/outputs/uci/runs/seed_999/results,/Users/harekrishna/Downloads/discover_ai_credit_experiment_v2/results/outputs/uci/runs/seed_999/models
