comparison,model,group_column,metric,difference_candidate_minus_reference,ci_low,ci_high,valid_bootstrap_reps,requested_bootstrap_reps,seed,inference_scope
oof_equal_opportunity_minus_global_oof_threshold,XGBoost,SEX,accuracy,-0.1807564166666666,-0.1933375,-0.1678333333333334,2000,2000,2043,conditional_on_fitted_models_and_selected_thresholds
oof_equal_opportunity_minus_global_oof_threshold,XGBoost,SEX,utility,0.1027115,0.0636541666666666,0.1411708333333333,2000,2000,2043,conditional_on_fitted_models_and_selected_thresholds
oof_equal_opportunity_minus_global_oof_threshold,XGBoost,SEX,max_group_gap,0.0106753385429881,-0.0288128775486824,0.0504635013513123,2000,2000,2043,conditional_on_fitted_models_and_selected_thresholds
oof_equal_opportunity_minus_global_oof_threshold,XGBoost,SEX,SEX_selection_gap,0.0042170670162747,-0.03756141541693,0.0465378061169013,2000,2000,2043,conditional_on_fitted_models_and_selected_thresholds
oof_equal_opportunity_minus_global_oof_threshold,XGBoost,SEX,SEX_tpr_gap,0.0020775811592041,-0.0415396332563463,0.0422979140820503,2000,2000,2043,conditional_on_fitted_models_and_selected_thresholds
oof_equal_opportunity_minus_global_oof_threshold,XGBoost,SEX,SEX_fpr_gap,0.0158091524219764,-0.0288153026756401,0.0601752772588605,2000,2000,2043,conditional_on_fitted_models_and_selected_thresholds
oof_equal_opportunity_minus_global_oof_threshold,XGBoost,EDUCATION,accuracy,-0.22836525,-0.242,-0.215,2000,2000,2044,conditional_on_fitted_models_and_selected_thresholds
oof_equal_opportunity_minus_global_oof_threshold,XGBoost,EDUCATION,utility,0.0797709999999999,0.0396666666666666,0.1191708333333332,2000,2000,2044,conditional_on_fitted_models_and_selected_thresholds
oof_equal_opportunity_minus_global_oof_threshold,XGBoost,EDUCATION,max_group_gap,-0.3341334537573782,-0.4632034091942568,-0.0541637593866452,2000,2000,2044,conditional_on_fitted_models_and_selected_thresholds
oof_equal_opportunity_minus_global_oof_threshold,XGBoost,EDUCATION,EDUCATION_selection_gap,-0.1044004990592927,-0.215701682222802,0.0053426241260896,2000,2000,2044,conditional_on_fitted_models_and_selected_thresholds
oof_equal_opportunity_minus_global_oof_threshold,XGBoost,EDUCATION,EDUCATION_tpr_gap,-0.394309400725402,-0.5499330332014684,-0.044892422646918,2000,2000,2044,conditional_on_fitted_models_and_selected_thresholds
oof_equal_opportunity_minus_global_oof_threshold,XGBoost,EDUCATION,EDUCATION_fpr_gap,0.0650973916423827,-0.0582130417956655,0.181776194852941,2000,2000,2044,conditional_on_fitted_models_and_selected_thresholds
oof_equal_opportunity_minus_global_oof_threshold,XGBoost,MARRIAGE,accuracy,-0.1945510833333333,-0.2073375,-0.1809958333333334,2000,2000,2045,conditional_on_fitted_models_and_selected_thresholds
oof_equal_opportunity_minus_global_oof_threshold,XGBoost,MARRIAGE,utility,0.101816,0.0633291666666666,0.1420041666666666,2000,2000,2045,conditional_on_fitted_models_and_selected_thresholds
oof_equal_opportunity_minus_global_oof_threshold,XGBoost,MARRIAGE,max_group_gap,-0.1136427554208514,-0.3811843307580003,0.107917655302407,2000,2000,2045,conditional_on_fitted_models_and_selected_thresholds
oof_equal_opportunity_minus_global_oof_threshold,XGBoost,MARRIAGE,MARRIAGE_selection_gap,0.0142205328071936,-0.0681297854568356,0.10670584024267,2000,2000,2045,conditional_on_fitted_models_and_selected_thresholds
oof_equal_opportunity_minus_global_oof_threshold,XGBoost,MARRIAGE,MARRIAGE_tpr_gap,-0.1234013660739019,-0.408650877993242,0.1180648613822915,2000,2000,2045,conditional_on_fitted_models_and_selected_thresholds
oof_equal_opportunity_minus_global_oof_threshold,XGBoost,MARRIAGE,MARRIAGE_fpr_gap,0.003807900009812,-0.1075057747557242,0.1246637699441043,2000,2000,2045,conditional_on_fitted_models_and_selected_thresholds
oof_equal_opportunity_minus_global_oof_threshold,LightGBM,SEX,accuracy,-0.1869719166666666,-0.2006666666666666,-0.1741666666666667,2000,2000,2046,conditional_on_fitted_models_and_selected_thresholds
oof_equal_opportunity_minus_global_oof_threshold,LightGBM,SEX,utility,0.0822018333333333,0.0456666666666666,0.1205124999999999,2000,2000,2046,conditional_on_fitted_models_and_selected_thresholds
oof_equal_opportunity_minus_global_oof_threshold,LightGBM,SEX,max_group_gap,-0.01713249095824,-0.0565976699097347,0.0244431122785811,2000,2000,2046,conditional_on_fitted_models_and_selected_thresholds
oof_equal_opportunity_minus_global_oof_threshold,LightGBM,SEX,SEX_selection_gap,-0.0286644592368244,-0.0610998648011972,0.0109768737971149,2000,2000,2046,conditional_on_fitted_models_and_selected_thresholds
oof_equal_opportunity_minus_global_oof_threshold,LightGBM,SEX,SEX_tpr_gap,-0.0054874557454644,-0.0645926872668592,0.0471812634043171,2000,2000,2046,conditional_on_fitted_models_and_selected_thresholds
oof_equal_opportunity_minus_global_oof_threshold,LightGBM,SEX,SEX_fpr_gap,-0.0168554784181567,-0.0535544563250556,0.0247358159059308,2000,2000,2046,conditional_on_fitted_models_and_selected_thresholds
oof_equal_opportunity_minus_global_oof_threshold,LightGBM,EDUCATION,accuracy,-0.2235840833333333,-0.2371666666666666,-0.2098333333333333,2000,2000,2047,conditional_on_fitted_models_and_selected_thresholds
oof_equal_opportunity_minus_global_oof_threshold,LightGBM,EDUCATION,utility,0.0664271666666666,0.0273291666666667,0.1069999999999999,2000,2000,2047,conditional_on_fitted_models_and_selected_thresholds
oof_equal_opportunity_minus_global_oof_threshold,LightGBM,EDUCATION,max_group_gap,-0.0001808129824701,-0.3100852811695703,0.282014658149516,2000,2000,2047,conditional_on_fitted_models_and_selected_thresholds
oof_equal_opportunity_minus_global_oof_threshold,LightGBM,EDUCATION,EDUCATION_selection_gap,-0.1512859053669393,-0.2250849817384013,-0.0576216081458239,2000,2000,2047,conditional_on_fitted_models_and_selected_thresholds
oof_equal_opportunity_minus_global_oof_threshold,LightGBM,EDUCATION,EDUCATION_tpr_gap,0.0314362349605834,-0.3170377249884404,0.2881592591038074,2000,2000,2047,conditional_on_fitted_models_and_selected_thresholds
oof_equal_opportunity_minus_global_oof_threshold,LightGBM,EDUCATION,EDUCATION_fpr_gap,-0.0432971798851571,-0.1405657942229292,0.0834356881493849,2000,2000,2047,conditional_on_fitted_models_and_selected_thresholds
oof_equal_opportunity_minus_global_oof_threshold,LightGBM,MARRIAGE,accuracy,-0.1517916666666666,-0.1636666666666666,-0.1401625,2000,2000,2048,conditional_on_fitted_models_and_selected_thresholds
oof_equal_opportunity_minus_global_oof_threshold,LightGBM,MARRIAGE,utility,0.0767887499999999,0.0423333333333333,0.1116666666666666,2000,2000,2048,conditional_on_fitted_models_and_selected_thresholds
oof_equal_opportunity_minus_global_oof_threshold,LightGBM,MARRIAGE,max_group_gap,-0.0233291833172728,-0.247320018155811,0.1623900341890128,2000,2000,2048,conditional_on_fitted_models_and_selected_thresholds
oof_equal_opportunity_minus_global_oof_threshold,LightGBM,MARRIAGE,MARRIAGE_selection_gap,0.0151391232045421,-0.065804415134988,0.1013411893578829,2000,2000,2048,conditional_on_fitted_models_and_selected_thresholds
oof_equal_opportunity_minus_global_oof_threshold,LightGBM,MARRIAGE,MARRIAGE_tpr_gap,-0.0273428104685957,-0.2511257889962773,0.1823992289822234,2000,2000,2048,conditional_on_fitted_models_and_selected_thresholds
oof_equal_opportunity_minus_global_oof_threshold,LightGBM,MARRIAGE,MARRIAGE_fpr_gap,-0.001322514443211,-0.0983406552718551,0.1028652761783795,2000,2000,2048,conditional_on_fitted_models_and_selected_thresholds
oof_equal_opportunity_minus_global_oof_threshold,CatBoost,SEX,accuracy,-0.1608219166666666,-0.1725,-0.1483333333333333,2000,2000,2049,conditional_on_fitted_models_and_selected_thresholds
oof_equal_opportunity_minus_global_oof_threshold,CatBoost,SEX,utility,0.0976030833333333,0.0629958333333333,0.1336666666666666,2000,2000,2049,conditional_on_fitted_models_and_selected_thresholds
oof_equal_opportunity_minus_global_oof_threshold,CatBoost,SEX,max_group_gap,-0.0081430726166695,-0.0444902737575514,0.0295428430654672,2000,2000,2049,conditional_on_fitted_models_and_selected_thresholds
oof_equal_opportunity_minus_global_oof_threshold,CatBoost,SEX,SEX_selection_gap,-0.0187777386209934,-0.0534149353239912,0.0229785615761797,2000,2000,2049,conditional_on_fitted_models_and_selected_thresholds
oof_equal_opportunity_minus_global_oof_threshold,CatBoost,SEX,SEX_tpr_gap,-0.0017414829605621,-0.043522813659684,0.0369536841124786,2000,2000,2049,conditional_on_fitted_models_and_selected_thresholds
oof_equal_opportunity_minus_global_oof_threshold,CatBoost,SEX,SEX_fpr_gap,-0.0073720880427874,-0.0492566321593078,0.0360126392989534,2000,2000,2049,conditional_on_fitted_models_and_selected_thresholds
oof_equal_opportunity_minus_global_oof_threshold,CatBoost,EDUCATION,accuracy,-0.2178676666666666,-0.2320041666666666,-0.2041666666666666,2000,2000,2050,conditional_on_fitted_models_and_selected_thresholds
oof_equal_opportunity_minus_global_oof_threshold,CatBoost,EDUCATION,utility,0.0849414999999999,0.0458208333333333,0.1243333333333333,2000,2000,2050,conditional_on_fitted_models_and_selected_thresholds
oof_equal_opportunity_minus_global_oof_threshold,CatBoost,EDUCATION,max_group_gap,-0.1320118037624115,-0.3948249890861011,0.1647263718875385,2000,2000,2050,conditional_on_fitted_models_and_selected_thresholds
oof_equal_opportunity_minus_global_oof_threshold,CatBoost,EDUCATION,EDUCATION_selection_gap,-0.0164842235387177,-0.1339759131257093,0.1043334622944873,2000,2000,2050,conditional_on_fitted_models_and_selected_thresholds
oof_equal_opportunity_minus_global_oof_threshold,CatBoost,EDUCATION,EDUCATION_tpr_gap,-0.2159848007960689,-0.5130956455362221,0.1632249974808571,2000,2000,2050,conditional_on_fitted_models_and_selected_thresholds
oof_equal_opportunity_minus_global_oof_threshold,CatBoost,EDUCATION,EDUCATION_fpr_gap,0.1512524343775338,0.025084258998565,0.2733908862900631,2000,2000,2050,conditional_on_fitted_models_and_selected_thresholds
oof_equal_opportunity_minus_global_oof_threshold,CatBoost,MARRIAGE,accuracy,-0.201409,-0.2148333333333333,-0.1878333333333334,2000,2000,2051,conditional_on_fitted_models_and_selected_thresholds
oof_equal_opportunity_minus_global_oof_threshold,CatBoost,MARRIAGE,utility,0.0921280833333333,0.0529958333333333,0.1324999999999999,2000,2000,2051,conditional_on_fitted_models_and_selected_thresholds
oof_equal_opportunity_minus_global_oof_threshold,CatBoost,MARRIAGE,max_group_gap,-0.1169695682906247,-0.381573120918404,0.1108406168346846,2000,2000,2051,conditional_on_fitted_models_and_selected_thresholds
oof_equal_opportunity_minus_global_oof_threshold,CatBoost,MARRIAGE,MARRIAGE_selection_gap,3.783656174110062e-05,-0.0857734969999693,0.0856042832237246,2000,2000,2051,conditional_on_fitted_models_and_selected_thresholds
oof_equal_opportunity_minus_global_oof_threshold,CatBoost,MARRIAGE,MARRIAGE_tpr_gap,-0.1281527939457259,-0.4042709082915677,0.1221496435494516,2000,2000,2051,conditional_on_fitted_models_and_selected_thresholds
oof_equal_opportunity_minus_global_oof_threshold,CatBoost,MARRIAGE,MARRIAGE_fpr_gap,0.0165772335737579,-0.0764717267235689,0.1144688231005334,2000,2000,2051,conditional_on_fitted_models_and_selected_thresholds
oof_equal_opportunity_minus_global_oof_threshold,Random Forest,SEX,accuracy,-0.2171598333333333,-0.2308333333333333,-0.204,2000,2000,2052,conditional_on_fitted_models_and_selected_thresholds
oof_equal_opportunity_minus_global_oof_threshold,Random Forest,SEX,utility,0.0764564166666666,0.0381624999999999,0.1148333333333333,2000,2000,2052,conditional_on_fitted_models_and_selected_thresholds
oof_equal_opportunity_minus_global_oof_threshold,Random Forest,SEX,max_group_gap,-0.0083828293472437,-0.0481272646728574,0.0294851186787652,2000,2000,2052,conditional_on_fitted_models_and_selected_thresholds
oof_equal_opportunity_minus_global_oof_threshold,Random Forest,SEX,SEX_selection_gap,-0.0151459180390227,-0.0391001297053058,0.0130946113993009,2000,2000,2052,conditional_on_fitted_models_and_selected_thresholds
oof_equal_opportunity_minus_global_oof_threshold,Random Forest,SEX,SEX_tpr_gap,-0.0026453801789321,-0.0527636138746686,0.0406664723295709,2000,2000,2052,conditional_on_fitted_models_and_selected_thresholds
oof_equal_opportunity_minus_global_oof_threshold,Random Forest,SEX,SEX_fpr_gap,-0.0087392418162133,-0.0390438223297195,0.0317761352491625,2000,2000,2052,conditional_on_fitted_models_and_selected_thresholds
oof_equal_opportunity_minus_global_oof_threshold,Random Forest,EDUCATION,accuracy,-0.22355275,-0.2376666666666667,-0.2098291666666666,2000,2000,2053,conditional_on_fitted_models_and_selected_thresholds
oof_equal_opportunity_minus_global_oof_threshold,Random Forest,EDUCATION,utility,0.06315725,0.0248166666666666,0.1028374999999999,2000,2000,2053,conditional_on_fitted_models_and_selected_thresholds
oof_equal_opportunity_minus_global_oof_threshold,Random Forest,EDUCATION,max_group_gap,-0.109372380962194,-0.3530935275388235,0.1651558822938236,2000,2000,2053,conditional_on_fitted_models_and_selected_thresholds
oof_equal_opportunity_minus_global_oof_threshold,Random Forest,EDUCATION,EDUCATION_selection_gap,0.0367625925934895,-0.0713923478802419,0.1460837051752779,2000,2000,2053,conditional_on_fitted_models_and_selected_thresholds
oof_equal_opportunity_minus_global_oof_threshold,Random Forest,EDUCATION,EDUCATION_tpr_gap,-0.1882850893396325,-0.4251177241808224,0.1454228511590253,2000,2000,2053,conditional_on_fitted_models_and_selected_thresholds
oof_equal_opportunity_minus_global_oof_threshold,Random Forest,EDUCATION,EDUCATION_fpr_gap,0.1821563865850415,0.0710719121794046,0.2972247495088769,2000,2000,2053,conditional_on_fitted_models_and_selected_thresholds
oof_equal_opportunity_minus_global_oof_threshold,Random Forest,MARRIAGE,accuracy,-0.2304678333333333,-0.2438333333333333,-0.2163333333333333,2000,2000,2054,conditional_on_fitted_models_and_selected_thresholds
oof_equal_opportunity_minus_global_oof_threshold,Random Forest,MARRIAGE,utility,0.0755917499999999,0.0378333333333333,0.1178458333333332,2000,2000,2054,conditional_on_fitted_models_and_selected_thresholds
oof_equal_opportunity_minus_global_oof_threshold,Random Forest,MARRIAGE,max_group_gap,-0.1476361320574386,-0.4189420679089258,0.0924419174154756,2000,2000,2054,conditional_on_fitted_models_and_selected_thresholds
oof_equal_opportunity_minus_global_oof_threshold,Random Forest,MARRIAGE,MARRIAGE_selection_gap,-0.0010478902824461,-0.0973041455158922,0.0976375139749217,2000,2000,2054,conditional_on_fitted_models_and_selected_thresholds
oof_equal_opportunity_minus_global_oof_threshold,Random Forest,MARRIAGE,MARRIAGE_tpr_gap,-0.1688567285574795,-0.4393730879181504,0.0998625030953028,2000,2000,2054,conditional_on_fitted_models_and_selected_thresholds
oof_equal_opportunity_minus_global_oof_threshold,Random Forest,MARRIAGE,MARRIAGE_fpr_gap,0.0226594237174899,-0.0721868112656472,0.124370487962263,2000,2000,2054,conditional_on_fitted_models_and_selected_thresholds
oof_equal_opportunity_minus_global_oof_threshold,Logistic Reg.,SEX,accuracy,-0.2266461666666666,-0.240175,-0.2133333333333332,2000,2000,2055,conditional_on_fitted_models_and_selected_thresholds
oof_equal_opportunity_minus_global_oof_threshold,Logistic Reg.,SEX,utility,0.0654338333333333,0.0263333333333333,0.1046708333333333,2000,2000,2055,conditional_on_fitted_models_and_selected_thresholds
oof_equal_opportunity_minus_global_oof_threshold,Logistic Reg.,SEX,max_group_gap,-0.0097177328877638,-0.0521658804290956,0.0338236181958281,2000,2000,2055,conditional_on_fitted_models_and_selected_thresholds
oof_equal_opportunity_minus_global_oof_threshold,Logistic Reg.,SEX,SEX_selection_gap,-0.0207099923422424,-0.0616978777273554,0.0216753023746839,2000,2000,2055,conditional_on_fitted_models_and_selected_thresholds
oof_equal_opportunity_minus_global_oof_threshold,Logistic Reg.,SEX,SEX_tpr_gap,-0.0054980499429142,-0.0612998645986677,0.0443960461293858,2000,2000,2055,conditional_on_fitted_models_and_selected_thresholds
oof_equal_opportunity_minus_global_oof_threshold,Logistic Reg.,SEX,SEX_fpr_gap,-0.0074540888753041,-0.0515107925384017,0.0380362534384218,2000,2000,2055,conditional_on_fitted_models_and_selected_thresholds
oof_equal_opportunity_minus_global_oof_threshold,Logistic Reg.,EDUCATION,accuracy,-0.18872975,-0.2019999999999999,-0.1759999999999999,2000,2000,2056,conditional_on_fitted_models_and_selected_thresholds
oof_equal_opportunity_minus_global_oof_threshold,Logistic Reg.,EDUCATION,utility,0.0666123333333333,0.0313333333333333,0.1036791666666665,2000,2000,2056,conditional_on_fitted_models_and_selected_thresholds
oof_equal_opportunity_minus_global_oof_threshold,Logistic Reg.,EDUCATION,max_group_gap,-0.2105141212684948,-0.3571399573789596,0.1885663897581137,2000,2000,2056,conditional_on_fitted_models_and_selected_thresholds
oof_equal_opportunity_minus_global_oof_threshold,Logistic Reg.,EDUCATION,EDUCATION_selection_gap,-0.0293783582238096,-0.134539571514227,0.0653242763470401,2000,2000,2056,conditional_on_fitted_models_and_selected_thresholds
oof_equal_opportunity_minus_global_oof_threshold,Logistic Reg.,EDUCATION,EDUCATION_tpr_gap,-0.3286143012283959,-0.5611330709015172,0.1885663897581137,2000,2000,2056,conditional_on_fitted_models_and_selected_thresholds
oof_equal_opportunity_minus_global_oof_threshold,Logistic Reg.,EDUCATION,EDUCATION_fpr_gap,0.1565954719647468,0.049510497067039,0.2597277979968848,2000,2000,2056,conditional_on_fitted_models_and_selected_thresholds
oof_equal_opportunity_minus_global_oof_threshold,Logistic Reg.,MARRIAGE,accuracy,-0.194881,-0.2078333333333333,-0.1821666666666667,2000,2000,2057,conditional_on_fitted_models_and_selected_thresholds
oof_equal_opportunity_minus_global_oof_threshold,Logistic Reg.,MARRIAGE,utility,0.06535275,0.0296666666666666,0.1043333333333333,2000,2000,2057,conditional_on_fitted_models_and_selected_thresholds
oof_equal_opportunity_minus_global_oof_threshold,Logistic Reg.,MARRIAGE,max_group_gap,-0.0805792979086741,-0.3127130904039877,0.1381544302414509,2000,2000,2057,conditional_on_fitted_models_and_selected_thresholds
oof_equal_opportunity_minus_global_oof_threshold,Logistic Reg.,MARRIAGE,MARRIAGE_selection_gap,0.0015221362470294,-0.0989133745135734,0.107850797633802,2000,2000,2057,conditional_on_fitted_models_and_selected_thresholds
oof_equal_opportunity_minus_global_oof_threshold,Logistic Reg.,MARRIAGE,MARRIAGE_tpr_gap,-0.0763526970322578,-0.3268148517702114,0.1492635908703365,2000,2000,2057,conditional_on_fitted_models_and_selected_thresholds
oof_equal_opportunity_minus_global_oof_threshold,Logistic Reg.,MARRIAGE,MARRIAGE_fpr_gap,-0.0526160581137233,-0.1591382588759591,0.0863867693137533,2000,2000,2057,conditional_on_fitted_models_and_selected_thresholds
oof_equal_opportunity_minus_global_oof_threshold,TabNet,SEX,accuracy,-0.1821365,-0.1949999999999999,-0.1698333333333334,2000,2000,2058,conditional_on_fitted_models_and_selected_thresholds
oof_equal_opportunity_minus_global_oof_threshold,TabNet,SEX,utility,0.0851839166666666,0.0481666666666666,0.1211749999999998,2000,2000,2058,conditional_on_fitted_models_and_selected_thresholds
oof_equal_opportunity_minus_global_oof_threshold,TabNet,SEX,max_group_gap,-0.006814765713549,-0.0312183354806621,0.0186555652782572,2000,2000,2058,conditional_on_fitted_models_and_selected_thresholds
oof_equal_opportunity_minus_global_oof_threshold,TabNet,SEX,SEX_selection_gap,-0.0036189920852768,-0.0268555661902694,0.018848048333867,2000,2000,2058,conditional_on_fitted_models_and_selected_thresholds
oof_equal_opportunity_minus_global_oof_threshold,TabNet,SEX,SEX_tpr_gap,-0.0041909946532508,-0.0476602587424593,0.0349290697779964,2000,2000,2058,conditional_on_fitted_models_and_selected_thresholds
oof_equal_opportunity_minus_global_oof_threshold,TabNet,SEX,SEX_fpr_gap,-0.0076601494710082,-0.0351968788458609,0.0188476548360095,2000,2000,2058,conditional_on_fitted_models_and_selected_thresholds
oof_equal_opportunity_minus_global_oof_threshold,TabNet,EDUCATION,accuracy,-0.15849975,-0.1700041666666667,-0.1466666666666667,2000,2000,2059,conditional_on_fitted_models_and_selected_thresholds
oof_equal_opportunity_minus_global_oof_threshold,TabNet,EDUCATION,utility,0.0780389999999999,0.0436624999999999,0.1131791666666666,2000,2000,2059,conditional_on_fitted_models_and_selected_thresholds
oof_equal_opportunity_minus_global_oof_threshold,TabNet,EDUCATION,max_group_gap,-0.2244640212365811,-0.3207220328972957,-0.1116263380220545,2000,2000,2059,conditional_on_fitted_models_and_selected_thresholds
oof_equal_opportunity_minus_global_oof_threshold,TabNet,EDUCATION,EDUCATION_selection_gap,0.0869137917537918,-0.0444348815525152,0.2120077470785168,2000,2000,2059,conditional_on_fitted_models_and_selected_thresholds
oof_equal_opportunity_minus_global_oof_threshold,TabNet,EDUCATION,EDUCATION_tpr_gap,-0.2956086549688891,-0.3661793301806889,-0.2254141968070951,2000,2000,2059,conditional_on_fitted_models_and_selected_thresholds
oof_equal_opportunity_minus_global_oof_threshold,TabNet,EDUCATION,EDUCATION_fpr_gap,0.2624157634686329,0.1279847798619301,0.3914116166446061,2000,2000,2059,conditional_on_fitted_models_and_selected_thresholds
oof_equal_opportunity_minus_global_oof_threshold,TabNet,MARRIAGE,accuracy,-0.1823687499999999,-0.1956666666666666,-0.1691625,2000,2000,2060,conditional_on_fitted_models_and_selected_thresholds
oof_equal_opportunity_minus_global_oof_threshold,TabNet,MARRIAGE,utility,0.0903941666666666,0.051325,0.1281708333333333,2000,2000,2060,conditional_on_fitted_models_and_selected_thresholds
oof_equal_opportunity_minus_global_oof_threshold,TabNet,MARRIAGE,max_group_gap,-0.0487129998138975,-0.2998490250460082,0.1630417428756147,2000,2000,2060,conditional_on_fitted_models_and_selected_thresholds
oof_equal_opportunity_minus_global_oof_threshold,TabNet,MARRIAGE,MARRIAGE_selection_gap,0.0242122627731521,-0.0872420507084971,0.1386826782574572,2000,2000,2060,conditional_on_fitted_models_and_selected_thresholds
oof_equal_opportunity_minus_global_oof_threshold,TabNet,MARRIAGE,MARRIAGE_tpr_gap,-0.0794013710299821,-0.337234046788904,0.1563938678460055,2000,2000,2060,conditional_on_fitted_models_and_selected_thresholds
oof_equal_opportunity_minus_global_oof_threshold,TabNet,MARRIAGE,MARRIAGE_fpr_gap,0.0754505063211929,-0.0353265504692609,0.1878122119900798,2000,2000,2060,conditional_on_fitted_models_and_selected_thresholds
