mean_fit_time,std_fit_time,mean_score_time,std_score_time,param_model__subsample,param_model__reg_lambda,param_model__reg_alpha,param_model__num_leaves,param_model__n_estimators,param_model__min_child_samples,param_model__max_depth,param_model__learning_rate,param_model__colsample_bytree,params,split0_test_score,split1_test_score,split2_test_score,mean_test_score,std_test_score,rank_test_score,split0_train_score,split1_train_score,split2_train_score,mean_train_score,std_train_score
2.684020678202311,1.826277201564144,0.06161769231160482,0.025373705725752715,0.9,1.0,0.1,31,800,40,6,0.03,0.8,"{'model__subsample': 0.9, 'model__reg_lambda': 1.0, 'model__reg_alpha': 0.1, 'model__num_leaves': 31, 'model__n_estimators': 800, 'model__min_child_samples': 40, 'model__max_depth': 6, 'model__learning_rate': 0.03, 'model__colsample_bytree': 0.8}",0.5045046000472878,0.6393931272742908,0.6773948795322741,0.6070975356179509,0.07418452720715622,7,0.7206506364922206,0.9748301410424185,0.9532229293386348,0.8829012356244247,0.11506711255747637
2.360878308614095,1.7995440046385787,0.061859448750813804,0.021575500557670713,1.0,0.5,0.5,63,300,80,-1,0.05,0.8,"{'model__subsample': 1.0, 'model__reg_lambda': 0.5, 'model__reg_alpha': 0.5, 'model__num_leaves': 63, 'model__n_estimators': 300, 'model__min_child_samples': 80, 'model__max_depth': -1, 'model__learning_rate': 0.05, 'model__colsample_bytree': 0.8}",0.5086565139083318,0.6470640906990404,0.6843275967749539,0.6133494004607755,0.07557597763081214,4,0.702970297029703,0.9824949438870603,0.9731254537834392,0.8861968982334009,0.12961722462104755
1.2549149990081787,0.6796394415458857,0.04986929893493652,0.005771612432881141,0.7,5.0,0.05,31,800,80,3,0.05,0.8,"{'model__subsample': 0.7, 'model__reg_lambda': 5.0, 'model__reg_alpha': 0.05, 'model__num_leaves': 31, 'model__n_estimators': 800, 'model__min_child_samples': 80, 'model__max_depth': 3, 'model__learning_rate': 0.05, 'model__colsample_bytree': 0.8}",0.5100124237614138,0.6532159729362266,0.683296525060116,0.6155083072525854,0.0756009081921051,2,0.7227722772277227,0.9099945803756725,0.8765987402670804,0.8364551992901585,0.08153394225977323
1.4670952955881755,1.0011080561982102,0.05244604746500651,0.013586490557095602,0.9,5.0,0.0,15,500,10,-1,0.1,1.0,"{'model__subsample': 0.9, 'model__reg_lambda': 5.0, 'model__reg_alpha': 0, 'model__num_leaves': 15, 'model__n_estimators': 500, 'model__min_child_samples': 10, 'model__max_depth': -1, 'model__learning_rate': 0.1, 'model__colsample_bytree': 1.0}",0.49711265931303644,0.631482341881348,0.6763947380828893,0.6016632464257579,0.07616823389643099,12,0.6322489391796323,0.9822523826519147,0.9546469954680473,0.8563827724331982,0.15888674322106663
0.9197069009145101,0.6254725566319331,0.04435102144877116,0.013744896930115215,0.9,2.0,0.1,31,500,20,3,0.1,0.9,"{'model__subsample': 0.9, 'model__reg_lambda': 2.0, 'model__reg_alpha': 0.1, 'model__num_leaves': 31, 'model__n_estimators': 500, 'model__min_child_samples': 20, 'model__max_depth': 3, 'model__learning_rate': 0.1, 'model__colsample_bytree': 0.9}",0.498139888659684,0.6422636856107237,0.6788072987882502,0.606403624352886,0.07799417185791423,8,0.615983026874116,0.9376161584116536,0.8980765121965497,0.8172252324941064,0.14321234792620077
1.2779403527577717,0.7553595538314166,0.0384530226389567,0.00562954038280035,1.0,1.0,0.0,31,300,10,6,0.03,0.8,"{'model__subsample': 1.0, 'model__reg_lambda': 1.0, 'model__reg_alpha': 0, 'model__num_leaves': 31, 'model__n_estimators': 300, 'model__min_child_samples': 10, 'model__max_depth': 6, 'model__learning_rate': 0.03, 'model__colsample_bytree': 0.8}",0.49383909025708106,0.6557966159429638,0.6842027441180631,0.6112794834393693,0.08384871890328394,5,0.8818953323903819,0.9488311456557084,0.9065482420696299,0.91242490670524,0.02764057602875692
3.301000992457072,2.3082631786134113,0.07879328727722168,0.0285399520273648,0.7,5.0,0.5,63,500,80,-1,0.01,0.8,"{'model__subsample': 0.7, 'model__reg_lambda': 5.0, 'model__reg_alpha': 0.5, 'model__num_leaves': 63, 'model__n_estimators': 500, 'model__min_child_samples': 80, 'model__max_depth': -1, 'model__learning_rate': 0.01, 'model__colsample_bytree': 0.8}",0.508832939212686,0.6621252860017859,0.6820366825404309,0.6176649692516343,0.0773839948991551,1,0.6916548797736917,0.9112202746824233,0.907588900518633,0.8368213516582493,0.10265890167324963
1.4111537138621013,0.9364033311765256,0.04815594355265299,0.014631813429135105,0.7,1.0,0.05,15,800,40,4,0.03,0.9,"{'model__subsample': 0.7, 'model__reg_lambda': 1.0, 'model__reg_alpha': 0.05, 'model__num_leaves': 15, 'model__n_estimators': 800, 'model__min_child_samples': 40, 'model__max_depth': 4, 'model__learning_rate': 0.03, 'model__colsample_bytree': 0.9}",0.5165689339537979,0.6445254008825616,0.679705408081475,0.6135999143059448,0.070098343241016,3,0.6626591230551627,0.9397932611597997,0.898374702971895,0.8336090290622858,0.12205675459521381
2.012655735015869,1.276739244786142,0.06189664204915365,0.0186156985918091,0.9,1.0,0.1,31,500,80,-1,0.05,0.7,"{'model__subsample': 0.9, 'model__reg_lambda': 1.0, 'model__reg_alpha': 0.1, 'model__num_leaves': 31, 'model__n_estimators': 500, 'model__min_child_samples': 80, 'model__max_depth': -1, 'model__learning_rate': 0.05, 'model__colsample_bytree': 0.7}",0.508929866255479,0.642251162270348,0.6826264321750201,0.611269153566949,0.07421831714850222,6,0.7227722772277227,0.9839959154538604,0.9672680910154846,0.8913454278990226,0.1193946826650915
1.9096607367197673,1.2728099388952774,0.06217797597249349,0.024701055450482696,0.8,2.0,0.5,31,800,40,5,0.05,0.8,"{'model__subsample': 0.8, 'model__reg_lambda': 2.0, 'model__reg_alpha': 0.5, 'model__num_leaves': 31, 'model__n_estimators': 800, 'model__min_child_samples': 40, 'model__max_depth': 5, 'model__learning_rate': 0.05, 'model__colsample_bytree': 0.8}",0.5028447552686712,0.6313045104480141,0.6739768966004998,0.602708720772395,0.07273166132931569,10,0.7256011315417257,0.9785168074447133,0.9540467839440956,0.8860549076435115,0.11389690136704542
2.2621120611826577,1.5542226869946874,0.0457299550374349,0.009687118160115504,0.9,2.0,0.0,127,800,20,8,0.1,0.7,"{'model__subsample': 0.9, 'model__reg_lambda': 2.0, 'model__reg_alpha': 0, 'model__num_leaves': 127, 'model__n_estimators': 800, 'model__min_child_samples': 20, 'model__max_depth': 8, 'model__learning_rate': 0.1, 'model__colsample_bytree': 0.7}",0.500487677029557,0.6340216578648455,0.6742567777830166,0.6029220375591396,0.07427119173019825,9,0.7333804809052333,0.9909436094698021,0.9842989904190484,0.9028743602646946,0.11988096622851109
1.3536389668782551,0.934986091636826,0.04214374224344889,0.008071320934231215,1.0,0.5,0.1,31,300,10,6,0.1,0.8,"{'model__subsample': 1.0, 'model__reg_lambda': 0.5, 'model__reg_alpha': 0.1, 'model__num_leaves': 31, 'model__n_estimators': 300, 'model__min_child_samples': 10, 'model__max_depth': 6, 'model__learning_rate': 0.1, 'model__colsample_bytree': 0.8}",0.5001455138810378,0.6358229316555397,0.6706520816634447,0.6022068424000074,0.07355566376045226,11,0.9045261669024045,0.988054024401528,0.9726271811013801,0.9550691241351043,0.03628994137886065
