model,metric,estimate,ci_low,ci_high,bootstrap_reps,inference_scope
XGBoost,AUROC,0.66291242971932,0.6222186277335673,0.701900339064188,2000,conditional_on_fitted_models_and_selected_thresholds
XGBoost,AUPRC,0.09974038066314282,0.07723404489858164,0.1264913333523776,2000,conditional_on_fitted_models_and_selected_thresholds
XGBoost,Brier,0.05464652262561661,0.048296379673179,0.06139428665245484,2000,conditional_on_fitted_models_and_selected_thresholds
XGBoost,F1,0.14689423338863927,0.10388937487383083,0.1928945954016124,2000,conditional_on_fitted_models_and_selected_thresholds
XGBoost,MCC,0.0858965163721064,0.04043675762818433,0.13691372899878468,2000,conditional_on_fitted_models_and_selected_thresholds
LightGBM,AUROC,0.6755162395624075,0.6321300218842377,0.7160370578961899,2000,conditional_on_fitted_models_and_selected_thresholds
LightGBM,AUPRC,0.11549231058030722,0.08663412757553783,0.14868554302783712,2000,conditional_on_fitted_models_and_selected_thresholds
LightGBM,Brier,0.0517906014679821,0.04486995943308047,0.05917006168319276,2000,conditional_on_fitted_models_and_selected_thresholds
LightGBM,F1,0.16503473427757928,0.12133891213389121,0.2101014031364226,2000,conditional_on_fitted_models_and_selected_thresholds
LightGBM,MCC,0.1049135699323604,0.057042862366919064,0.1550579570027693,2000,conditional_on_fitted_models_and_selected_thresholds
CatBoost,AUROC,0.6966352691746052,0.6500814989662274,0.7375587576661554,2000,conditional_on_fitted_models_and_selected_thresholds
CatBoost,AUPRC,0.13447229802713337,0.09914923345301585,0.17656865703576674,2000,conditional_on_fitted_models_and_selected_thresholds
CatBoost,Brier,0.0794332839848325,0.07485260320964315,0.08425251912356856,2000,conditional_on_fitted_models_and_selected_thresholds
CatBoost,F1,0.1460091159592637,0.08808754971985801,0.2088383384283402,2000,conditional_on_fitted_models_and_selected_thresholds
CatBoost,MCC,0.11451880690320934,0.05316988138411125,0.1803259027047653,2000,conditional_on_fitted_models_and_selected_thresholds
Random Forest,AUROC,0.6886304764913314,0.6474123521817865,0.7276042205647896,2000,conditional_on_fitted_models_and_selected_thresholds
Random Forest,AUPRC,0.11673367016271287,0.08901097337949844,0.15073801366473896,2000,conditional_on_fitted_models_and_selected_thresholds
Random Forest,Brier,0.06140399686331117,0.056065027076617195,0.06718037364765299,2000,conditional_on_fitted_models_and_selected_thresholds
Random Forest,F1,0.1666536186649609,0.1296219715956558,0.20339358032098395,2000,conditional_on_fitted_models_and_selected_thresholds
Random Forest,MCC,0.11021908961995405,0.06477536064095084,0.15587413477564435,2000,conditional_on_fitted_models_and_selected_thresholds
Logistic Reg.,AUROC,0.715455553644992,0.673608458986764,0.7564205097385953,2000,conditional_on_fitted_models_and_selected_thresholds
Logistic Reg.,AUPRC,0.13777062526277298,0.10391181659183545,0.17604307398519278,2000,conditional_on_fitted_models_and_selected_thresholds
Logistic Reg.,Brier,0.08355615882283292,0.07940954120150494,0.08819084937869226,2000,conditional_on_fitted_models_and_selected_thresholds
Logistic Reg.,F1,0.18174915130129513,0.12279806659505907,0.2440989962132596,2000,conditional_on_fitted_models_and_selected_thresholds
Logistic Reg.,MCC,0.14545891892966653,0.08404273407663058,0.20986946364517967,2000,conditional_on_fitted_models_and_selected_thresholds
TabNet,AUROC,0.6471239529564755,0.6023892158540316,0.6906064050313406,2000,conditional_on_fitted_models_and_selected_thresholds
TabNet,AUPRC,0.12017523046750035,0.08501540651418361,0.16264739993593091,2000,conditional_on_fitted_models_and_selected_thresholds
TabNet,Brier,0.06892335467837103,0.05993752110209072,0.07855770463057717,2000,conditional_on_fitted_models_and_selected_thresholds
TabNet,F1,0.1268304205758667,0.07714562885186031,0.1786743515850144,2000,conditional_on_fitted_models_and_selected_thresholds
TabNet,MCC,0.07233209961776857,0.021364592851125054,0.12546558460751897,2000,conditional_on_fitted_models_and_selected_thresholds
