instance,shap_parsimony,shap_features_for_80pct,lime_parsimony,lime_features_for_80pct,shap_lime_abs_rank_rho,shap_lime_signed_abs_attribution_rho,lime_local_r2,lime_stability_rho,lime_top10_jaccard,top_fraction,comprehensiveness,sufficiency,full_probability
0,0.7213086047857755,14.0,0.8194636174294014,10.0,0.5576409733417207,0.5576409733417207,0.13154686913439706,0.456246414228342,0.30952380952380953,0.2,0.3396195712842862,0.03375482646979744,0.6241265161528993
1,0.7518091288191193,12.0,0.8052635355453092,11.0,0.005361932435978083,0.005361932435978083,0.1610174203690531,0.346277969018933,0.22549019607843138,0.2,0.07598242068330435,0.0938116775108121,0.34814679096359424
2,0.744972493151568,14.0,0.8201678866480465,11.0,0.6107142857142855,0.6107142857142855,0.24482804314854822,0.5614242685025818,0.3968253968253968,0.2,0.12104685437591972,0.004789490504480409,0.3940051069516332
3,0.7359930996892611,15.0,0.8151903343804988,11.0,0.4789992976140421,0.4789992976140421,0.11809670386298088,0.3848608720596673,0.2971342383107089,0.2,0.1682069004377718,0.1351871737725635,0.4944172793629526
4,0.6777647055916615,17.0,0.817532708553685,10.0,0.23235040555905026,0.23235040555905026,0.06957505229031047,0.2130355408623877,0.1851851851851852,0.2,0.04386470487994831,0.08057575040037951,0.34656230645496144
5,0.7440073013258214,13.0,0.8232167919440868,10.0,0.175,0.175,0.1442499352114811,0.3781554790590935,0.30952380952380953,0.2,0.0347688654745576,0.061589892538221946,0.25342434065503033
6,0.7143642019455706,16.0,0.8205819961927184,11.0,-0.021428571428571425,-0.021428571428571425,0.25288602007302297,0.3036790017211704,0.25326797385620914,0.2,0.2596183932933552,0.030991583814410473,0.5362174543999434
7,0.7133958670096033,15.0,0.8022280267886501,11.0,0.33571428571428563,0.33571428571428563,0.17407999338835445,0.32059667240390133,0.23148148148148148,0.2,0.10444769704811371,0.0789992861013661,0.1905898581218853
8,0.7470971269863502,13.0,0.8293520633975966,10.0,0.10357142857142855,0.10357142857142855,0.18100247935649216,0.3559667240390132,0.23871770930594458,0.2,0.06298611591441422,0.03470368628933301,0.34373145164398733
9,0.6663741295999434,18.0,0.812991001311642,11.0,0.1714285714285714,0.1714285714285714,0.13942196107451277,0.2701018359150889,0.2605042016806723,0.2,0.052144524706702444,0.050470256042909056,0.3975598474695353
10,0.7857612032505716,12.0,0.8427739077446962,9.0,0.0017873108119926943,0.0017873108119926943,0.22904834672726404,0.4934165232358004,0.28501400560224094,0.2,0.04393108684074429,0.04353770029730572,0.24744739507417332
11,0.779032715319241,12.0,0.8438815574774059,9.0,0.7678571428571428,0.7678571428571428,0.35571175987322035,0.5805579460699943,0.43345543345543347,0.2,0.2673079963014726,0.021477969495564374,0.04925815695552312
12,0.7249318987749631,15.0,0.81110411697892,11.0,0.5214285714285714,0.5214285714285714,0.20934778489103545,0.44120768789443493,0.3461538461538461,0.2,0.1430763586626237,0.12953037181296034,0.19908103323115217
13,0.7088225323592566,17.0,0.815044455078232,10.0,-0.20357142857142854,-0.20357142857142854,0.12748110830913628,0.14175989672977626,0.1874785001719986,0.2,0.2604294240835518,0.03387490209181748,0.5066617949017523
14,0.7048973222825142,15.0,0.8325841570981467,10.0,0.3428571428571428,0.3428571428571428,0.16037549690675068,0.347877223178428,0.30952380952380953,0.2,0.08234787537133781,0.057736653979074626,0.3871510652587352
15,0.6869955523879208,18.0,0.7970895796075506,12.0,0.33928571428571425,0.33928571428571425,0.16353410850248595,0.28999569707401035,0.2632275132275132,0.2,0.0077461697042645605,0.13770243412393218,0.34627132343305095
16,0.7313989913069728,15.0,0.798250255779963,11.0,0.37857142857142856,0.37857142857142856,0.13885359302394906,0.40651893287435464,0.28501400560224094,0.2,0.0579453827442028,0.029402816574065987,0.23392593278191298
17,0.7309053157447333,14.0,0.8176231967097457,11.0,0.34642857142857136,0.34642857142857136,0.22295450352058388,0.4649239816408492,0.4334554334554334,0.2,0.011203768890596655,0.05065350096856683,0.29638159834331174
18,0.6991132536886584,17.0,0.8124971661824228,11.0,-0.15,-0.15,0.0992870623962232,0.2850616752725187,0.23871770930594458,0.2,0.1880281375830158,0.1968021813045283,0.5611058619760364
19,0.7434397558188507,13.0,0.8102476324832517,11.0,0.25,0.25,0.21641049727591222,0.49845094664371786,0.33730158730158727,0.2,0.174361166208595,0.07355001580194134,0.16622944413169816
20,0.7454419632461627,14.0,0.8245834122026934,10.0,0.12857142857142856,0.12857142857142856,0.24979684928361412,0.5668172690763053,0.4444444444444444,0.2,0.2839381597297173,0.026074109433571135,0.5648626024892344
21,0.7697869871287716,12.0,0.8207479517609124,10.0,0.11428571428571425,0.11428571428571425,0.18888767447953714,0.371995123350545,0.30952380952380953,0.2,0.05064256313854609,0.03577574305745074,0.23072504357583173
22,0.717553498783504,14.0,0.8206131332489662,10.0,-0.04468277029981736,-0.04468277029981736,0.14830264544203153,0.26821572002294897,0.20697167755991286,0.2,0.02870868013415334,0.07540779681812651,0.31121662099508507
23,0.7897444750204666,11.0,0.8316831626928998,10.0,0.3,0.3,0.21023579326874375,0.3962349397590363,0.36507936507936506,0.2,0.03670532267310189,0.11419310640410313,0.28245671815055484
24,0.7373203654564275,14.0,0.803904108991597,11.0,0.3538875407745535,0.3538875407745535,0.1280864181233613,0.3199799196787149,0.23871770930594458,0.2,0.3295339426716313,0.025946511517005333,0.5785709838636699
25,0.6690042016882638,17.0,0.802533575972937,11.0,-0.23056309474705758,-0.23056309474705758,0.09105298439221221,0.19878083763625934,0.1791938997821351,0.2,0.3074564840920882,0.06579698347234775,0.6319210331685514
26,0.6373410288361767,20.0,0.8154044217248797,11.0,0.03214285714285714,0.03214285714285714,0.17136736509629802,0.3532917383820999,0.2850140056022409,0.2,0.1291085373537238,0.15813778596377034,0.31505005862639707
27,0.7418662200695639,14.0,0.8214183093058879,11.0,0.3842718245784293,0.3842718245784293,0.20969215706518907,0.3443846815834768,0.22875816993464052,0.2,0.11594351748593662,0.03600329779984396,0.3608433748605907
28,0.7410160682820682,14.0,0.7999829544982766,11.0,-0.2321428571428571,-0.2321428571428571,0.08877035393934829,0.3599110728628801,0.2605042016806723,0.2,0.013892211805835997,0.04705954680720764,0.26063818019251506
29,0.7118638236929299,16.0,0.8309598610719842,10.0,0.7785714285714285,0.7785714285714285,0.36293210427681344,0.44575444635685607,0.3055555555555555,0.2,0.14960386051641472,0.1487016229516686,0.4309796146502992
30,0.6954630460642326,16.0,0.8136483113401299,11.0,-0.34642857142857136,-0.34642857142857136,0.11335341922195807,0.3192125645438899,0.22875816993464052,0.2,0.025228311673395787,0.026666062012029645,0.32628222180266797
31,0.7114760538901819,15.0,0.8363171988638222,10.0,0.38928571428571423,0.38928571428571423,0.21978053602290604,0.44420539300057377,0.36904761904761907,0.2,0.30283282788281063,0.10793507941974184,0.5949489958155246
32,0.73071535509714,14.0,0.7939199779863222,11.0,0.125,0.125,0.09908257234544082,0.23024956970740104,0.1874785001719986,0.2,0.005901317850825094,0.05923430772969268,0.27968082843194947
33,0.7555771495676948,14.0,0.8441128827786644,9.0,0.33571428571428563,0.33571428571428563,0.33545847884692903,0.46473752151463005,0.36507936507936506,0.2,0.26032462006301255,0.027619766875153016,0.06835669745305169
34,0.6654372075472857,19.0,0.8159946085039923,10.0,0.2877570407308238,0.2877570407308238,0.09479475711305207,0.3642426850258176,0.2605042016806723,0.2,0.014530610376050634,0.14252157070598612,0.3534310110911189
35,0.7012970392219811,16.0,0.7967051443761182,11.0,0.24843620286698453,0.24843620286698453,0.09584460472218248,0.273228628800918,0.22875816993464052,0.2,0.03960337869159364,0.12904165094021286,0.29879037195553443
36,0.815477473019772,10.0,0.8279447409003312,10.0,0.6071428571428571,0.6071428571428571,0.41775859937433335,0.5907056798623064,0.3968253968253968,0.2,0.03946737209532841,0.09499926207804169,0.2735208039834198
37,0.6974102825868725,17.0,0.832931053425918,10.0,0.3321428571428571,0.3321428571428571,0.24687786269304934,0.4608648881239243,0.37393162393162394,0.2,0.059013690057543644,0.10647348628660658,0.3246494661014443
38,0.7557622531300566,14.0,0.8262974092416844,10.0,0.45520005653523526,0.45520005653523526,0.31205737790079446,0.5485154905335629,0.3055555555555555,0.2,0.1661460757317038,0.029973641505009724,0.11686753307999853
39,0.713909516697628,15.0,0.813651962425331,11.0,-0.125,-0.125,0.12697982937373298,0.35533562822719444,0.22549019607843138,0.2,0.1461691945265017,0.11872808384455655,0.18202133216057295
40,0.7182450743255472,14.0,0.8041534982909457,11.0,-0.1433700965465308,-0.1433700965465308,0.08124203114645878,0.2390131956397017,0.22549019607843138,0.2,0.19709798550967944,0.10050492910399705,0.4863339223811658
41,0.6659902986505246,17.0,0.8123340926382224,11.0,-0.09472747303561281,-0.09472747303561281,0.08867127900900762,0.30971026965002874,0.22875816993464052,0.2,0.1765168716217304,0.0512781603132621,0.4512628355599639
42,0.7198410199696119,16.0,0.8250845559133623,10.0,0.4539769462461444,0.4539769462461444,0.24304654163398876,0.4593230063109582,0.3461538461538461,0.2,0.10181706929243795,0.13844906448305033,0.48897484758261567
43,0.7124533595970385,16.0,0.8341173165571584,10.0,0.4932977841099836,0.4932977841099836,0.22643116289069842,0.4454890992541595,0.33730158730158727,0.2,0.23610337993781236,0.035259350101428985,0.1429887177997611
44,0.661741570466771,18.0,0.803247316530712,11.0,-0.17873108119926945,-0.17873108119926945,0.08136008665808259,0.28630235226620776,0.20697167755991286,0.2,0.11464065432752102,0.15444068217928647,0.3238230877108356
45,0.7512093336722037,13.0,0.8227303559558574,10.0,0.1792126206831635,0.1792126206831635,0.07615299804431064,0.29649311531841654,0.17919389978213507,0.2,0.03846613398975374,0.018818570938470225,0.32565965781257955
46,0.7509724659040004,13.0,0.8238354579273025,10.0,0.6487938247533481,0.6487938247533481,0.24527169794378934,0.5182515777395297,0.40170940170940167,0.2,0.003858246612407079,0.05414688044364238,0.26626013437085966
47,0.6884882087773193,17.0,0.8331545656862365,10.0,0.5142857142857142,0.5142857142857142,0.2297428229621552,0.4280981067125646,0.37393162393162394,0.2,0.18932372696861305,0.08548452241166332,0.45891943926570417
48,0.6820147206480723,17.0,0.8116078739353768,11.0,-0.3607142857142856,-0.3607142857142856,0.047370814699884245,0.2421973608720597,0.15468409586056645,0.2,0.22888796695446495,0.031933189234031656,0.538227749919581
49,0.7366188897702971,15.0,0.8185789652197473,10.0,-0.8107142857142855,-0.8107142857142855,0.07048029295804603,0.2603843947217442,0.2387177093059446,0.2,0.035083802486573834,0.07801173215197271,0.3311341114372805
50,0.7031625959762917,16.0,0.8148184886239913,11.0,0.2752458650468749,0.2752458650468749,0.2514707060766024,0.45856999426276546,0.34942182001005534,0.2,0.03462522676525864,0.015954178312782452,0.3465090864055809
51,0.7737939505504762,11.0,0.8357295717347839,10.0,0.6738161761212458,0.6738161761212458,0.3430016245074957,0.6369119334480781,0.4334554334554334,0.2,0.10728524485764859,0.03383373163296792,0.15384496686541158
52,0.6946706020818509,16.0,0.8032255649414998,11.0,-0.0964285714285714,-0.0964285714285714,0.11009544360872392,0.2843588640275388,0.20697167755991286,0.2,0.07443821492473446,0.055895678310197594,0.3504523007508845
53,0.7184972447903324,15.0,0.8291735786265725,10.0,0.2785714285714285,0.2785714285714285,0.17658795906143,0.4280263912794034,0.33730158730158727,0.2,0.04205665009196674,0.11707181084165041,0.2950901196093113
54,0.6789967563367196,17.0,0.8053879682321902,11.0,0.03214285714285714,0.03214285714285714,0.07817538954910375,0.33219305794607007,0.2810457516339869,0.2,0.0016911243684142319,0.07753119481755316,0.2652015675108658
55,0.7907972891107686,11.0,0.8355597140590194,10.0,0.5785714285714285,0.5785714285714285,0.3859166566876988,0.5656339644291452,0.4334554334554334,0.2,0.10872834206086587,0.10148855722611694,0.2095214731715145
56,0.7182356839582594,15.0,0.8109851823003636,11.0,0.5678571428571427,0.5678571428571427,0.2584346580228144,0.4800846242111303,0.4056776556776556,0.2,0.05909193489074682,0.09076714131379243,0.4557129548444089
57,0.72214663904535,15.0,0.8033116562912562,11.0,0.3,0.3,0.11925425360438291,0.22621199082042462,0.20370370370370372,0.2,0.027303656089933542,0.04789570087725922,0.26189113287653665
58,0.7167013204792124,15.0,0.8275377896235909,10.0,-0.2821428571428571,-0.2821428571428571,0.16490398426597708,0.30027969018932876,0.1791938997821351,0.2,0.17301272727986028,0.048598490029274355,0.4609639209121182
59,0.7273627382614455,15.0,0.8354312446589136,10.0,0.16785714285714282,0.16785714285714282,0.22099250458540032,0.3033849684452094,0.25326797385620914,0.2,0.08318579758357875,0.12756397899280747,0.22463299020238853
60,0.7555710184890481,13.0,0.8120795557897901,11.0,0.5035714285714286,0.5035714285714286,0.23630733089349243,0.591006772275433,0.46520146520146516,0.2,0.09374236607602057,0.056843956506147986,0.20513709074169548
61,0.73239317097835,14.0,0.8282056414193172,10.0,0.125,0.125,0.2355836411810126,0.41273666092943206,0.27777777777777773,0.2,0.14193910116044794,0.241804476235144,0.5261086648319881
62,0.6599519023517281,19.0,0.8033646036038186,11.0,0.3413763650906046,0.3413763650906046,0.11215584711950322,0.4350043029259896,0.27777777777777773,0.2,0.061861811097129904,0.09912615258388474,0.4821424804003147
63,0.7740268723732379,11.0,0.8400451885580961,9.0,0.7107142857142856,0.7107142857142856,0.23961569722328568,0.47211703958691914,0.3333333333333333,0.2,0.0005508412134516139,0.0617023303737243,0.3112830261072618
64,0.7283996570193151,15.0,0.8269932120923743,10.0,0.4071428571428571,0.4071428571428571,0.26180897267050895,0.44789873780837647,0.4056776556776556,0.2,0.2337660993295,0.017172656388990848,0.4852807491402998
65,0.690671524299548,16.0,0.802317308347128,11.0,0.12857142857142856,0.12857142857142856,0.11176194321991884,0.3466437177280552,0.37393162393162394,0.2,0.2637774991053145,0.0433742392049245,0.5291101521754363
66,0.7448229910266443,14.0,0.842447023977073,10.0,0.5107142857142856,0.5107142857142856,0.2862561447554476,0.36899669512645455,0.22549019607843138,0.2,0.07423068667605137,0.14089472941610232,0.40017261414387995
67,0.6915971878948443,17.0,0.8372346615557043,10.0,0.30466145516137794,0.30466145516137794,0.15244263545003445,0.3571500286861733,0.25326797385620914,0.2,0.13410698128309356,0.011734040776471777,0.154813343691048
68,0.7024201584691826,17.0,0.8228451273590461,10.0,0.13404831089945207,0.13404831089945207,0.1840165256523454,0.4320281124497993,0.20098039215686278,0.2,0.12033420022892263,0.03803919400783484,0.21628646754993744
69,0.6799302140126121,17.0,0.81842238093763,11.0,0.1464285714285714,0.1464285714285714,0.15180909579296908,0.3417527251864601,0.2971342383107089,0.2,0.18302784657164362,0.12101696923159327,0.4906056547801102
70,0.7032204511826949,16.0,0.7935529410596786,11.0,0.3321428571428571,0.3321428571428571,0.15286084162921965,0.2282487091222031,0.20697167755991286,0.2,0.049981846811261554,0.015590620781770481,0.31512771282090907
71,0.6917168952567531,16.0,0.8067825166100456,11.0,0.15013410820738635,0.15013410820738635,0.14356421014994902,0.32015203671830184,0.2632275132275132,0.2,0.060158950354120944,0.025243395210667596,0.20514127770589075
72,0.7221756506962662,15.0,0.8132332602648638,11.0,-0.04301102896395924,-0.04301102896395924,0.19468593858974825,0.3940619621342514,0.33730158730158727,0.2,0.1382629350521068,0.05014654130986264,0.13227071067121526
73,0.7318412173323795,14.0,0.8253327015925614,10.0,-0.049999999999999996,-0.049999999999999996,0.25072361318711833,0.36232071141709704,0.28104575163398693,0.2,0.005322433450543007,0.16026816803742452,0.36865606572668924
74,0.6844828944063053,16.0,0.8359336787739321,10.0,0.25357142857142856,0.25357142857142856,0.21343698482650275,0.3389558232931728,0.1851851851851852,0.2,0.152953647478404,0.12497415932647377,0.2557905345432799
75,0.7597081822721056,12.0,0.8404662807039873,10.0,0.5040216489819399,0.5040216489819399,0.35792860056304754,0.6223106712564545,0.5384615384615384,0.2,0.026305256677126687,0.12779281077073423,0.2897978753674882
76,0.7234296528454794,15.0,0.8254847951781377,10.0,0.6035714285714285,0.6035714285714285,0.19870809002911005,0.5551348250143432,0.37393162393162394,0.2,0.09250240576009813,0.06343874866023513,0.19490775613068764
77,0.7169402351380245,15.0,0.8426491011767068,9.0,0.5254693787258522,0.5254693787258522,0.25369103249132563,0.48698364888123935,0.33730158730158727,0.2,0.19638959773608405,0.008892567896835346,0.0921679781265381
78,0.7704421229070506,12.0,0.8238871472911488,10.0,0.42359266244226856,0.42359266244226856,0.3742595529494239,0.5751792885829031,0.36437908496732024,0.2,0.14390014425716713,0.05605450829384212,0.18099785243328143
79,0.7491251112582726,13.0,0.8311348300490757,10.0,0.457142857142857,0.457142857142857,0.1859093695296261,0.3624856569133678,0.22875816993464052,0.2,0.24570885867022013,0.029948330699458015,0.5625222136952023
80,0.6994637089981317,16.0,0.8027327514235763,11.0,0.11428571428571425,0.11428571428571425,0.1439185794180453,0.35132673551348254,0.2387177093059446,0.2,0.28396556673802403,0.14920822907514364,0.5504043849946203
81,0.8005849218236243,11.0,0.8452155253855215,9.0,0.6035714285714285,0.6035714285714285,0.3275798820622483,0.48699082042455544,0.40170940170940167,0.2,0.1631936461294133,0.11142296510249461,0.37124541825366186
82,0.7174127995577622,15.0,0.8364000330126508,10.0,0.07149243247970777,0.07149243247970777,0.06731093703470858,0.2579532415375789,0.1791938997821351,0.2,0.2051386598192152,0.13027165161924442,0.4807477517907355
83,0.704769958386828,16.0,0.8110052329873396,11.0,-0.08042898653967125,-0.08042898653967125,0.10386885030300608,0.15384394721744124,0.1791938997821351,0.2,0.008014406018661269,0.14153896001025337,0.31450444409349004
84,0.8069471112983478,10.0,0.839519947054726,10.0,0.22142857142857136,0.22142857142857136,0.31125787291912654,0.44411933448078034,0.3055555555555555,0.2,0.02363850805701545,0.13520394679525027,0.294561033819486
85,0.7069694740618725,15.0,0.8185856302112123,11.0,0.16785714285714282,0.16785714285714282,0.09412091064161321,0.24708835341365462,0.20370370370370372,0.2,0.07680770305875076,0.0017243206050149285,0.2989391073925272
86,0.6691788372559814,18.0,0.8012698835009061,11.0,0.3142857142857143,0.3142857142857143,0.08522076442104021,0.2710915088927137,0.1791938997821351,0.2,0.021387953853159503,0.07935502417390586,0.27007834680907117
87,0.7046355069064221,16.0,0.7951763608605297,12.0,0.07506705410369317,0.07506705410369317,0.0983738775097106,0.28744979919678715,0.22549019607843138,0.2,0.03389322945938239,0.0904663407187404,0.26201604743093004
88,0.7161115176044317,15.0,0.8350232640920037,10.0,0.5535714285714285,0.5535714285714285,0.3628621907957269,0.5345955249569708,0.5018315018315018,0.2,0.10615886182946618,0.005790438250153462,0.17064889919734103
89,0.7487817547486719,13.0,0.8144383478259749,11.0,0.4107142857142856,0.4107142857142856,0.26111395844690166,0.5218445209409066,0.3968253968253968,0.2,0.11471719322445945,0.19372639511322218,0.364793216986077
90,0.7227475472630885,15.0,0.8230341466236851,11.0,0.5630029057776987,0.5630029057776987,0.4343295390859653,0.5435169248422261,0.3968253968253968,0.2,0.027976030562481713,0.1868826801022608,0.3442228079164576
91,0.7063075623665699,16.0,0.7978344998184891,11.0,0.5678571428571427,0.5678571428571427,0.1700730788567657,0.3416308089500861,0.25326797385620914,0.2,0.1066265320809453,0.04419255987072351,0.1773449483980793
92,0.7024224994085649,17.0,0.8388332727691858,10.0,0.1626452838913352,0.1626452838913352,0.2566316008889322,0.5216724039013196,0.36507936507936506,0.2,0.2022576784698306,0.040349847728043564,0.17662785014325907
93,0.7277658221085459,15.0,0.8179207524237808,11.0,0.3413763650906046,0.3413763650906046,0.21412815516388295,0.3909781985083191,0.25326797385620914,0.2,0.21813012682547875,0.04776367016536913,0.1250984959252138
94,0.8168989557692666,10.0,0.8338732418090545,10.0,0.7571428571428571,0.7571428571428571,0.4018986326912095,0.5534136546184739,0.40170940170940167,0.2,0.05967254418248641,0.05632592422654242,0.3290256738875129
95,0.7195472678164962,15.0,0.799980311963859,11.0,-0.21626460825111601,-0.21626460825111601,0.1216812967846771,0.2568416523235801,0.20697167755991286,0.2,0.19152578703749468,0.1505747669667606,0.49124376217862076
96,0.7398164637805849,14.0,0.8325918924033524,10.0,0.6714285714285713,0.6714285714285713,0.35882330095301074,0.5303930005737235,0.3055555555555555,0.2,0.0959569058540892,0.0705478399840128,0.1811395375072696
97,0.6249306047092955,21.0,0.8152182004784281,11.0,0.05357142857142857,0.05357142857142857,0.09867428789655786,0.3120768789443489,0.27777777777777773,0.2,0.11882457083471848,0.044635817547776624,0.4560181576752285
98,0.7372618209645786,14.0,0.8319766521889457,10.0,0.21071428571428572,0.21071428571428572,0.257533989807034,0.33021371199082045,0.25326797385620914,0.2,0.14760130418042913,0.011310922773943494,0.1336976301795665
99,0.7273578419397949,14.0,0.839283828703937,9.0,0.5285714285714286,0.5285714285714286,0.24629270550256133,0.36690332759609867,0.3461538461538461,0.2,0.1647999655878833,0.007142974501097243,0.4515955895392905
