mean_fit_time,std_fit_time,mean_score_time,std_score_time,param_model__n_estimators,param_model__min_samples_split,param_model__min_samples_leaf,param_model__max_features,param_model__max_depth,params,split0_test_score,split1_test_score,split2_test_score,mean_test_score,std_test_score,rank_test_score,split0_train_score,split1_train_score,split2_train_score,mean_train_score,std_train_score
5.779783010482788,6.2866377377757034,0.1075436274210612,0.01027166377997068,300,10,1,,,"{'model__n_estimators': 300, 'model__min_samples_split': 10, 'model__min_samples_leaf': 1, 'model__max_features': None, 'model__max_depth': None}",0.5016044927759089,0.6586921404630226,0.6579947035983323,0.6060971122790879,0.07388798843529834,10,1.0,0.9993439238553071,0.9999373729398624,0.9997604322650565,0.0002956236105921849
0.9878987471262614,0.7365392161622935,0.24920161565144858,0.22345108052951493,300,2,2,log2,20,"{'model__n_estimators': 300, 'model__min_samples_split': 2, 'model__min_samples_leaf': 2, 'model__max_features': 'log2', 'model__max_depth': 20}",0.4968501168449153,0.6676741621970583,0.6892005296401669,0.6179082695607135,0.08605096698292654,3,1.0,0.9972174243580669,0.9994411189728406,0.9988861811103025,0.001201845476542519
3.477046012878418,3.6359198098178176,0.07859230041503906,0.015079237976452173,200,5,1,,14,"{'model__n_estimators': 200, 'model__min_samples_split': 5, 'model__min_samples_leaf': 1, 'model__max_features': None, 'model__max_depth': 14}",0.49454665977313056,0.6599085246138849,0.6656735913539822,0.6067095919136659,0.07934608374457304,9,1.0,0.9983576663262976,0.9954902258978937,0.9979492974080637,0.0018636146763823904
1.2059037685394287,0.8796703113028941,0.09857932726542155,0.009828482179403781,300,10,1,sqrt,,"{'model__n_estimators': 300, 'model__min_samples_split': 10, 'model__min_samples_leaf': 1, 'model__max_features': 'sqrt', 'model__max_depth': None}",0.5067835364259055,0.6704281734047977,0.6724631846404351,0.6165582981570461,0.07762692424895205,5,1.0,0.997390893451564,0.9994877251571288,0.998959539536231,0.0011287439281093025
0.4853370189666748,0.24188175851008656,0.07016237576802571,0.013301502405287614,200,2,4,log2,6,"{'model__n_estimators': 200, 'model__min_samples_split': 2, 'model__min_samples_leaf': 4, 'model__max_features': 'log2', 'model__max_depth': 6}",0.4989803528988418,0.6646362163707528,0.6639084223522466,0.6091749972072803,0.07791994672624297,7,0.9745403111739744,0.8569789633651756,0.7833378948250156,0.871619056454722,0.07874151911443368
2.7052281697591147,2.6872546785167915,0.08975974718729655,0.01477281071459495,300,2,4,,6,"{'model__n_estimators': 300, 'model__min_samples_split': 2, 'model__min_samples_leaf': 4, 'model__max_features': None, 'model__max_depth': 6}",0.4955563039243991,0.6543398504659105,0.6610893409916438,0.6036618317939845,0.07649179813357124,11,0.9957567185289957,0.8860119332930058,0.8034557787886196,0.8950748102035403,0.0787676526656282
1.2694594065348308,0.8518252745887935,0.1312889258066813,0.03248975027918708,500,5,4,log2,10,"{'model__n_estimators': 500, 'model__min_samples_split': 5, 'model__min_samples_leaf': 4, 'model__max_features': 'log2', 'model__max_depth': 10}",0.4941422594689362,0.6740358435764509,0.6842852541736002,0.6174877857396625,0.08731877134060408,4,0.9816124469589816,0.9171701222979378,0.8883457315419324,0.9290427669329507,0.03899051012014065
0.9374923706054688,0.7089390399238505,0.09121267000834148,0.00793637683045548,200,5,1,sqrt,,"{'model__n_estimators': 200, 'model__min_samples_split': 5, 'model__min_samples_leaf': 1, 'model__max_features': 'sqrt', 'model__max_depth': None}",0.5022069580257916,0.669181952930133,0.6693341027430351,0.6135743378996533,0.07874865400910308,6,1.0,0.9999663193833229,0.9999984328005996,0.9999882507279741,1.5520995181785697e-05
3.6131439208984375,3.8883362591384385,0.08350539207458496,0.019837102336877202,200,2,4,,20,"{'model__n_estimators': 200, 'model__min_samples_split': 2, 'model__min_samples_leaf': 4, 'model__max_features': None, 'model__max_depth': 20}",0.4939530206555031,0.6667191421814713,0.6603065113532665,0.606992891396747,0.07997411973646036,8,0.9957567185289957,0.9968881893712437,0.9994117685953775,0.9973522254985389,0.001527818683071996
0.8545627593994141,0.4831826898529047,0.13551672299702963,0.014696693845469394,300,10,2,log2,10,"{'model__n_estimators': 300, 'model__min_samples_split': 10, 'model__min_samples_leaf': 2, 'model__max_features': 'log2', 'model__max_depth': 10}",0.4993397399285332,0.668487936334335,0.6873745235922486,0.618400733285039,0.08454117694489127,2,0.9929278642149928,0.9244198611200647,0.891649797675665,0.9363325076702408,0.04219593227913638
4.035063584645589,4.3083051028747485,0.08122571309407552,0.009279533231844125,200,5,1,,,"{'model__n_estimators': 200, 'model__min_samples_split': 5, 'model__min_samples_leaf': 1, 'model__max_features': None, 'model__max_depth': None}",0.49454665977313045,0.6593621437135845,0.6533643781201353,0.6024243938689501,0.07632036614720329,12,1.0,0.9999991649433881,0.9999999612353505,0.9999997087262461,3.848380802928481e-07
0.6652547518412272,0.39542214572118783,0.08786797523498535,0.004013892748393904,200,10,1,log2,14,"{'model__n_estimators': 200, 'model__min_samples_split': 10, 'model__min_samples_leaf': 1, 'model__max_features': 'log2', 'model__max_depth': 14}",0.5088982450249382,0.6659602483289082,0.6852201764274339,0.6200262232604268,0.0789717538854685,1,0.9971711456859972,0.9780730278161811,0.9780135824021869,0.9844192519681219,0.00901698317928654
