rank,feature,mean_|shap|
1,CreditScoreRangeUpper,0.23512673404043885
2,CreditScoreRangeLower,0.22906851210381032
3,LoanOriginalAmount,0.21165730003709557
4,InquiriesLast6Months,0.18993628834982276
5,TotalInquiries,0.16049644131898713
6,DebtToIncomeRatio,0.15172832242840317
7,TradesOpenedLast6Months,0.12040483347187406
8,BorrowerState,0.11388767270628951
9,CurrentDelinquencies,0.11205911486866622
10,OnTimeProsperPayments,0.09887597696029425
11,EmploymentStatus,0.08805228962077162
12,StatedMonthlyIncome,0.0869852917828945
13,OpenRevolvingAccounts,0.08654489605497848
14,OpenRevolvingMonthlyPayment,0.07476954364049188
15,CreditHistoryYears,0.07446777870278606
16,TotalProsperPaymentsBilled,0.07348561371578347
17,ProsperPrincipalBorrowed,0.07284747722829853
18,BankcardUtilization,0.06314577895231793
19,EmploymentStatusDuration,0.05342356505393888
20,TotalProsperLoans,0.05198560864211355
