mean_fit_time,std_fit_time,mean_score_time,std_score_time,param_subsample,param_reg_lambda,param_reg_alpha,param_n_estimators,param_max_depth,param_learning_rate,param_gamma,param_colsample_bytree,params,split0_test_score,split1_test_score,split2_test_score,mean_test_score,std_test_score,rank_test_score,split0_train_score,split1_train_score,split2_train_score,mean_train_score,std_train_score
1.5267354647318523,0.0789181227292746,0.02754060427347819,0.0020248959994711704,1.0,2.0,0.05,500,8,0.03,0.1,0.8,"{'subsample': 1.0, 'reg_lambda': 2.0, 'reg_alpha': 0.05, 'n_estimators': 500, 'max_depth': 8, 'learning_rate': 0.03, 'gamma': 0.1, 'colsample_bytree': 0.8}",0.6939459670909243,0.6851607099915865,0.6931279032726181,0.6907448601183762,0.00396268903495258,8,0.9648883936954735,0.9734048846088197,0.968587952669318,0.9689604103245371,0.0034868034929789607
1.67557160059611,0.2060697483168745,0.029456456502278645,0.0029529423842604013,0.8,1.0,0.1,500,8,0.08,0.05,1.0,"{'subsample': 0.8, 'reg_lambda': 1.0, 'reg_alpha': 0.1, 'n_estimators': 500, 'max_depth': 8, 'learning_rate': 0.08, 'gamma': 0.05, 'colsample_bytree': 1.0}",0.6697823148063404,0.659973830388068,0.6709671978674419,0.6669077810206168,0.004926847572101844,10,0.9999615975620001,0.9999570652168455,0.9999735422930365,0.999964068357294,6.94992239714212e-06
1.2762831846872966,0.0748612344074351,0.026595513025919598,0.004923546224762453,1.0,2.0,0.1,300,8,0.01,0.1,0.9,"{'subsample': 1.0, 'reg_lambda': 2.0, 'reg_alpha': 0.1, 'n_estimators': 300, 'max_depth': 8, 'learning_rate': 0.01, 'gamma': 0.1, 'colsample_bytree': 0.9}",0.7053309388781893,0.6976342204373831,0.7027319079004589,0.7018990224053437,0.003196888317853421,4,0.8529784955411891,0.8641641273896697,0.8618524121001481,0.8596650116770023,0.004821350462323452
0.7228701909383138,0.06731521983074851,0.01798550287882487,0.002417955849138001,0.9,2.0,0.1,300,6,0.05,0.2,0.9,"{'subsample': 0.9, 'reg_lambda': 2.0, 'reg_alpha': 0.1, 'n_estimators': 300, 'max_depth': 6, 'learning_rate': 0.05, 'gamma': 0.2, 'colsample_bytree': 0.9}",0.702834752217695,0.6936858976306242,0.702140442553576,0.6995536974672983,0.004158831780670925,6,0.8875989487507153,0.8955951754386288,0.8915745591411084,0.8915895611101509,0.0032644631110828586
0.9678672949473063,0.09546399867903005,0.024175326029459637,0.0051895618767079715,1.0,5.0,0.1,800,3,0.03,0.1,0.7,"{'subsample': 1.0, 'reg_lambda': 5.0, 'reg_alpha': 0.1, 'n_estimators': 800, 'max_depth': 3, 'learning_rate': 0.03, 'gamma': 0.1, 'colsample_bytree': 0.7}",0.7117237823232336,0.702521473368946,0.7092690932859018,0.7078381163260271,0.0038907063469512185,1,0.7558721615055382,0.759196397809667,0.7571812524902093,0.7574166039351381,0.0013672794102144524
2.831984281539917,0.19351065943657347,0.04675396283467611,0.004026460343932002,0.9,5.0,0.1,800,8,0.08,0.1,0.8,"{'subsample': 0.9, 'reg_lambda': 5.0, 'reg_alpha': 0.1, 'n_estimators': 800, 'max_depth': 8, 'learning_rate': 0.08, 'gamma': 0.1, 'colsample_bytree': 0.8}",0.6665536416289873,0.6601798330342307,0.6707393926897225,0.6658242891176468,0.0043416618434129325,11,0.9999533168449067,0.9999511976673073,0.9999828269883506,0.999962447166855,1.443665638972538e-05
1.3467166423797607,0.07685784457900754,0.026340643564860027,0.002198504463689121,0.8,5.0,0.1,800,4,0.03,0.05,0.9,"{'subsample': 0.8, 'reg_lambda': 5.0, 'reg_alpha': 0.1, 'n_estimators': 800, 'max_depth': 4, 'learning_rate': 0.03, 'gamma': 0.05, 'colsample_bytree': 0.9}",0.707313282572426,0.700248805336539,0.7048453166582621,0.704135801522409,0.002927372934913354,2,0.8039368488995258,0.8090062585806788,0.8039593725740977,0.8056341600181008,0.0023844514904948497
1.0366605917612712,0.06786168808207188,0.027337948481241863,0.0006832536376711243,1.0,1.0,0.1,500,5,0.03,0.0,1.0,"{'subsample': 1.0, 'reg_lambda': 1.0, 'reg_alpha': 0.1, 'n_estimators': 500, 'max_depth': 5, 'learning_rate': 0.03, 'gamma': 0, 'colsample_bytree': 1.0}",0.7043698871706187,0.6916265081137947,0.7012986806165038,0.6990983586336391,0.005430131371503731,7,0.8303911982249081,0.8390541941329847,0.8338953738307409,0.834446922062878,0.0035580920556873077
2.3699156443277993,0.19624316150633345,0.04019570350646973,0.001913248721721974,0.8,0.5,0.05,800,8,0.1,0.2,0.8,"{'subsample': 0.8, 'reg_lambda': 0.5, 'reg_alpha': 0.05, 'n_estimators': 800, 'max_depth': 8, 'learning_rate': 0.1, 'gamma': 0.2, 'colsample_bytree': 0.8}",0.6650664980167498,0.6529237334058732,0.6599633845685096,0.6593178719970442,0.004978232481428804,12,1.0,0.9999999999999999,0.9999999999999999,1.0,9.064933036736789e-17
0.7231012980143229,0.02480416096830151,0.019383351008097332,0.0020214541093742646,1.0,0.5,0.5,300,6,0.03,0.05,0.9,"{'subsample': 1.0, 'reg_lambda': 0.5, 'reg_alpha': 0.5, 'n_estimators': 300, 'max_depth': 6, 'learning_rate': 0.03, 'gamma': 0.05, 'colsample_bytree': 0.9}",0.7058864282350378,0.6960202513168589,0.7032247344384048,0.7017104713301006,0.004167741699936174,5,0.8451733500750814,0.8556533202821393,0.8526044880992254,0.851143719485482,0.004401350367964979
0.3259793122609456,0.006305562329258027,0.009780804316202799,0.0010059335851790381,0.7,1.0,0.05,300,3,0.01,0.2,0.7,"{'subsample': 0.7, 'reg_lambda': 1.0, 'reg_alpha': 0.05, 'n_estimators': 300, 'max_depth': 3, 'learning_rate': 0.01, 'gamma': 0.2, 'colsample_bytree': 0.7}",0.7075482417089876,0.6980505373560285,0.7052938218833995,0.7036308669828051,0.004051802993327974,3,0.7136387220148818,0.7179469733256298,0.7143241400804275,0.7153032784736464,0.0018902012827468947
0.580024242401123,0.02509332247042233,0.015939076741536457,0.002299644133251272,0.9,0.5,0.1,300,6,0.08,0.1,0.7,"{'subsample': 0.9, 'reg_lambda': 0.5, 'reg_alpha': 0.1, 'n_estimators': 300, 'max_depth': 6, 'learning_rate': 0.08, 'gamma': 0.1, 'colsample_bytree': 0.7}",0.6902803007868914,0.6867919501152674,0.6934096339392768,0.6901606282804785,0.002702983034874899,9,0.9412806327428227,0.9420903362047087,0.944402821871234,0.9425912636062551,0.0013229291829390125
