mean_fit_time,std_fit_time,mean_score_time,std_score_time,param_model__n_estimators,param_model__min_samples_split,param_model__min_samples_leaf,param_model__max_features,param_model__max_depth,params,split0_test_score,split1_test_score,split2_test_score,split3_test_score,split4_test_score,mean_test_score,std_test_score,rank_test_score,split0_train_score,split1_train_score,split2_train_score,split3_train_score,split4_train_score,mean_train_score,std_train_score
0.4320521831512451,0.004724928613763777,0.054211997985839845,0.000849832282758955,500,2,1,sqrt,10,"{'model__n_estimators': 500, 'model__min_samples_split': 2, 'model__min_samples_leaf': 1, 'model__max_features': 'sqrt', 'model__max_depth': 10}",0.8067336309523809,0.8069196428571429,0.7544642857142857,0.7983630952380952,0.7399553571428572,0.7812872023809524,0.02836871212433756,11,1.0,1.0,0.9999883742559523,1.0,1.0,0.9999976748511905,4.6502976190687665e-06
0.35611329078674314,0.03708425438777238,0.05240354537963867,0.0065359720814444555,300,10,4,,,"{'model__n_estimators': 300, 'model__min_samples_split': 10, 'model__min_samples_leaf': 4, 'model__max_features': None, 'model__max_depth': None}",0.7974330357142857,0.7866443452380951,0.7637648809523809,0.8191964285714286,0.7466517857142857,0.7827380952380952,0.025387456467655625,8,0.9892810639880952,0.9897112165178571,0.9803641183035714,0.9889787946428572,0.9847005208333334,0.9866071428571429,0.0036061176579958425
0.2963411808013916,0.040632181488080926,0.04469728469848633,0.0018790692737576185,300,5,1,sqrt,14,"{'model__n_estimators': 300, 'model__min_samples_split': 5, 'model__min_samples_leaf': 1, 'model__max_features': 'sqrt', 'model__max_depth': 14}",0.8111979166666667,0.8089657738095238,0.7622767857142858,0.7927827380952381,0.7570684523809524,0.7864583333333334,0.0228348080943808,1,1.0,1.0,0.999813988095238,1.0,1.0,0.9999627976190476,7.440476190478941e-05
0.2835697650909424,0.02946591419193611,0.04381890296936035,0.0012506643245272233,300,2,2,sqrt,20,"{'model__n_estimators': 300, 'model__min_samples_split': 2, 'model__min_samples_leaf': 2, 'model__max_features': 'sqrt', 'model__max_depth': 20}",0.8134300595238094,0.8026413690476191,0.7665550595238095,0.802827380952381,0.742001488095238,0.7854910714285714,0.0269265066337144,3,0.9999651227678572,0.9999883742559523,0.9997791108630952,0.9997791108630952,0.9999302455357143,0.9998883928571429,9.11268505499725e-05
0.4879005908966064,0.0557294408752968,0.06609711647033692,0.017305027235903075,500,10,4,,14,"{'model__n_estimators': 500, 'model__min_samples_split': 10, 'model__min_samples_leaf': 4, 'model__max_features': None, 'model__max_depth': 14}",0.8004092261904763,0.7940848214285714,0.7620907738095237,0.8156622023809523,0.7490699404761906,0.7842633928571429,0.024792086473893724,6,0.9895717075892856,0.9903738839285714,0.9801432291666665,0.9887462797619047,0.985502697172619,0.9868675595238094,0.003747420054228437
0.6178438663482666,0.14198824400212354,0.07022233009338379,0.008595361022232927,500,10,4,,20,"{'model__n_estimators': 500, 'model__min_samples_split': 10, 'model__min_samples_leaf': 4, 'model__max_features': None, 'model__max_depth': 20}",0.8005952380952381,0.7938988095238095,0.7620907738095237,0.8152901785714286,0.7492559523809524,0.7842261904761905,0.02465510437625724,7,0.9896065848214286,0.9904320126488094,0.9802478608630951,0.9888276599702381,0.9855492001488094,0.986932663690476,0.003730599642393604
0.199822998046875,0.024465956705078812,0.03281612396240234,0.0014489154414556358,200,5,4,log2,6,"{'model__n_estimators': 200, 'model__min_samples_split': 5, 'model__min_samples_leaf': 4, 'model__max_features': 'log2', 'model__max_depth': 6}",0.800595238095238,0.82421875,0.7410714285714285,0.788876488095238,0.7341889880952381,0.7777901785714285,0.034779073179553546,12,0.9386625744047619,0.9371047247023809,0.9419875372023809,0.934628441220238,0.9384184337797619,0.9381603422619047,0.002389766635862867
0.4569843769073486,0.04776333606899813,0.054730987548828124,0.0008278823286079762,500,2,2,sqrt,,"{'model__n_estimators': 500, 'model__min_samples_split': 2, 'model__min_samples_leaf': 2, 'model__max_features': 'sqrt', 'model__max_depth': None}",0.8102678571428572,0.8065476190476191,0.7658110119047619,0.8018973214285714,0.7438616071428572,0.7856770833333333,0.026254814356456734,2,0.9999651227678571,1.0,0.9997326078869048,0.9998488653273809,0.999941871279762,0.999897693452381,9.654268736991579e-05
0.18379549980163573,0.004622957337278729,0.031304359436035156,0.0004295446678920428,200,2,4,log2,,"{'model__n_estimators': 200, 'model__min_samples_split': 2, 'model__min_samples_leaf': 4, 'model__max_features': 'log2', 'model__max_depth': None}",0.8018973214285714,0.8251488095238095,0.7526041666666667,0.7992931547619048,0.7449776785714286,0.784784226190476,0.03083110146879598,5,0.9832240513392856,0.9881417410714286,0.9788411458333333,0.9833519345238095,0.9841424851190477,0.9835402715773809,0.0029581558950643135
0.18338460922241212,0.004465459580129652,0.031550121307373044,0.00034477474546721606,200,10,2,sqrt,20,"{'model__n_estimators': 200, 'model__min_samples_split': 10, 'model__min_samples_leaf': 2, 'model__max_features': 'sqrt', 'model__max_depth': 20}",0.8052455357142857,0.8069196428571428,0.7566964285714285,0.8063616071428571,0.7325148809523809,0.7815476190476189,0.031121876308866894,10,0.9907924107142857,0.9931989397321428,0.9870256696428571,0.9915829613095238,0.9917108444940476,0.9908621651785714,0.0020699701755327515
0.2920237064361572,0.004613316782621235,0.043418359756469724,0.0007822738537842643,300,2,2,,,"{'model__n_estimators': 300, 'model__min_samples_split': 2, 'model__min_samples_leaf': 2, 'model__max_features': None, 'model__max_depth': None}",0.808407738095238,0.7650669642857143,0.7743675595238095,0.8236607142857143,0.7380952380952381,0.7819196428571429,0.030677553435006055,9,1.0,1.0,0.9999186197916666,1.0,0.9999883742559524,0.9999813988095237,3.171080193683328e-05
0.43484296798706057,0.003535079981782386,0.054402637481689456,0.0007880924080164799,500,2,2,sqrt,10,"{'model__n_estimators': 500, 'model__min_samples_split': 2, 'model__min_samples_leaf': 2, 'model__max_features': 'sqrt', 'model__max_depth': 10}",0.8093377976190476,0.8177083333333334,0.7566964285714285,0.7983630952380952,0.7447916666666666,0.7853794642857143,0.029181562795945665,4,0.998965308779762,0.9996279761904762,0.9974888392857143,0.9988025483630952,0.9987909226190476,0.9987351190476191,0.0006944141684093319
