Model,Strategy,AUROC,AUPRC,F1,Precision,Recall,Specificity,G-Mean,MCC,Brier,TP,FP,FN,TN,threshold
XGBoost,SMOTE,0.6274,0.2768,0.3879,0.2751,0.6571,0.5236,0.5866,0.1487,0.2411,1418.0,3736.0,740.0,4106.0,0.5
XGBoost,BorderlineSMOTE,0.6518,0.3113,0.4032,0.3034,0.601,0.6202,0.6106,0.184,0.2424,1297.0,2978.0,861.0,4864.0,0.5
XGBoost,SVMSMOTE,0.657,0.3311,0.4014,0.3094,0.5714,0.6491,0.609,0.1852,0.224,1233.0,2752.0,925.0,5090.0,0.5
XGBoost,ADASYN,0.6335,0.3026,0.3861,0.2469,0.8851,0.2571,0.477,0.1397,0.2552,1910.0,5826.0,248.0,2016.0,0.5
XGBoost,None,0.6754,0.3437,0.1036,0.4582,0.0584,0.981,0.2393,0.0991,0.1597,126.0,149.0,2032.0,7693.0,0.5
LightGBM,SMOTE,0.6302,0.3077,0.2411,0.3384,0.1872,0.8993,0.4103,0.1097,0.1779,404.0,790.0,1754.0,7052.0,0.5
LightGBM,BorderlineSMOTE,0.6506,0.316,0.2842,0.3493,0.2396,0.8772,0.4584,0.1353,0.1761,517.0,963.0,1641.0,6879.0,0.5
LightGBM,SVMSMOTE,0.6542,0.3185,0.2974,0.3411,0.2637,0.8599,0.4761,0.1363,0.1775,569.0,1099.0,1589.0,6743.0,0.5
LightGBM,ADASYN,0.6318,0.3056,0.237,0.3685,0.1747,0.9176,0.4004,0.1253,0.1759,377.0,646.0,1781.0,7196.0,0.5
LightGBM,None,0.6737,0.3396,0.0985,0.4612,0.0551,0.9823,0.2327,0.0971,0.1599,119.0,139.0,2039.0,7703.0,0.5
CatBoost,SMOTE,0.668,0.3254,0.4104,0.3174,0.5806,0.6563,0.6173,0.1994,0.2127,1253.0,2695.0,905.0,5147.0,0.5
CatBoost,BorderlineSMOTE,0.6708,0.3321,0.3904,0.3334,0.4708,0.741,0.5907,0.1893,0.1924,1016.0,2031.0,1142.0,5811.0,0.5
CatBoost,SVMSMOTE,0.6712,0.3349,0.3774,0.3407,0.4231,0.7747,0.5725,0.1837,0.1928,913.0,1767.0,1245.0,6075.0,0.5
CatBoost,ADASYN,0.6644,0.3204,0.416,0.2949,0.7057,0.5357,0.6149,0.1988,0.2346,1523.0,3641.0,635.0,4201.0,0.5
CatBoost,None,0.6744,0.3401,0.1192,0.4554,0.0686,0.9774,0.2589,0.1067,0.1605,148.0,177.0,2010.0,7665.0,0.5
Random Forest,SMOTE,0.6416,0.3122,0.3065,0.3487,0.2734,0.8595,0.4847,0.1458,0.1827,590.0,1102.0,1568.0,6740.0,0.5
Random Forest,BorderlineSMOTE,0.6472,0.3151,0.303,0.3504,0.2669,0.8638,0.4802,0.1451,0.1795,576.0,1068.0,1582.0,6774.0,0.5
Random Forest,SVMSMOTE,0.6563,0.3194,0.3148,0.3566,0.2817,0.8601,0.4923,0.1552,0.1792,608.0,1097.0,1550.0,6745.0,0.5
Random Forest,ADASYN,0.6326,0.3023,0.2888,0.3315,0.2558,0.8581,0.4685,0.1257,0.1843,552.0,1113.0,1606.0,6729.0,0.5
Random Forest,None,0.662,0.3236,0.3048,0.3843,0.2525,0.8887,0.4737,0.1665,0.1733,545.0,873.0,1613.0,6969.0,0.5
Logistic Reg.,SMOTE,0.6687,0.336,0.4131,0.3117,0.6121,0.628,0.62,0.1999,0.2357,1321.0,2917.0,837.0,4925.0,0.5
Logistic Reg.,BorderlineSMOTE,0.6705,0.3383,0.4119,0.3142,0.5978,0.6409,0.619,0.1996,0.2333,1290.0,2816.0,868.0,5026.0,0.5
Logistic Reg.,SVMSMOTE,0.6703,0.3373,0.4121,0.3237,0.5667,0.6742,0.6181,0.2044,0.2283,1223.0,2555.0,935.0,5287.0,0.5
Logistic Reg.,ADASYN,0.6689,0.3364,0.4135,0.3088,0.6256,0.6146,0.6201,0.1992,0.2371,1350.0,3022.0,808.0,4820.0,0.5
Logistic Reg.,None,0.6705,0.3386,0.4127,0.3115,0.6112,0.6283,0.6197,0.1994,0.2353,1319.0,2915.0,839.0,4927.0,0.5
