mean_fit_time,std_fit_time,mean_score_time,std_score_time,param_n_estimators,param_min_samples_split,param_min_samples_leaf,param_max_features,param_max_depth,params,split0_test_score,split1_test_score,split2_test_score,mean_test_score,std_test_score,rank_test_score,split0_train_score,split1_train_score,split2_train_score,mean_train_score,std_train_score
1.6232098738352458,0.007076623564328832,0.09281516075134277,0.00040664626069903824,300,5,4,log2,10,"{'n_estimators': 300, 'min_samples_split': 5, 'min_samples_leaf': 4, 'max_features': 'log2', 'max_depth': 10}",0.705910485150073,0.6937218115180394,0.6968899962656416,0.6988407643112513,0.0051636591162267384,2,0.857612591844606,0.8600730182853668,0.8550992845052104,0.8575949648783944,0.002030556567613973
4.758321523666382,0.034842913496594324,0.08862471580505371,0.006893035023995489,200,5,4,,,"{'n_estimators': 200, 'min_samples_split': 5, 'min_samples_leaf': 4, 'max_features': None, 'max_depth': None}",0.687751531950229,0.6796262721502453,0.6828997986994083,0.6834258675999608,0.0033379158238242175,12,0.9996268899971166,0.9997082639670157,0.9996642810960861,0.9996664783534062,3.325709647664303e-05
3.491628964742025,0.013119613329318297,0.11073160171508789,0.06705251419209601,200,10,2,,10,"{'n_estimators': 200, 'min_samples_split': 10, 'min_samples_leaf': 2, 'max_features': None, 'max_depth': 10}",0.7006959650820983,0.6888720158401311,0.6913325593478059,0.6936335134233452,0.005093933395877844,8,0.8709109825117378,0.8791661102294271,0.8756435592240092,0.8752402173217247,0.0033821883375949042
8.518874804178873,0.012553886598228025,0.1583559513092041,0.0047300901244834576,500,5,1,,10,"{'n_estimators': 500, 'min_samples_split': 5, 'min_samples_leaf': 1, 'max_features': None, 'max_depth': 10}",0.7007253135385263,0.6884956794564528,0.6911274415861511,0.6934494781937101,0.00525578271687393,9,0.8835519993877171,0.891333631782137,0.8876451303218453,0.8875102538305665,0.0031782693856243997
3.3971287409464517,0.0252192467122152,0.09399199485778809,0.022487277512538695,300,10,4,,6,"{'n_estimators': 300, 'min_samples_split': 10, 'min_samples_leaf': 4, 'max_features': None, 'max_depth': 6}",0.7044294905049169,0.6940931013390931,0.6947380238006184,0.6977535385482095,0.004727947556219586,5,0.7358958012378987,0.7410551289720462,0.740990452589455,0.7393137942664666,0.002417030273720283
1.6004364490509033,0.010368443270327501,0.09293206532796223,0.0006252299635354564,300,5,2,sqrt,10,"{'n_estimators': 300, 'min_samples_split': 5, 'min_samples_leaf': 2, 'max_features': 'sqrt', 'max_depth': 10}",0.7056727577534311,0.6928593392667844,0.6983098953051701,0.6989473307751286,0.005250439112573049,1,0.8682976077963784,0.8703064411655907,0.8655108944018038,0.868038314454591,0.001966340419618508
1.9083913962046306,0.022567309710573927,0.10422039031982422,0.009684553121705738,300,5,4,sqrt,14,"{'n_estimators': 300, 'min_samples_split': 5, 'min_samples_leaf': 4, 'max_features': 'sqrt', 'max_depth': 14}",0.7027864669024865,0.6905348337270305,0.6952180366035733,0.6961797790776968,0.005047728222106995,6,0.9727566122567206,0.9705631654447341,0.9686933547843278,0.9706710441619274,0.001660570922896984
3.6517604986826577,0.0448807704130153,0.20603601137797037,0.010826653088049065,500,2,2,log2,20,"{'n_estimators': 500, 'min_samples_split': 2, 'min_samples_leaf': 2, 'max_features': 'log2', 'max_depth': 20}",0.6955079517168405,0.6846537264308377,0.68877334041429,0.6896450061873227,0.004473879938393051,10,0.999999632512555,0.9999993997705066,0.9999994242998949,0.999999485527652,1.0441533721982868e-07
1.6653669675191243,0.04497784373279336,0.09242033958435059,0.00010455626537167859,300,2,2,log2,10,"{'n_estimators': 300, 'min_samples_split': 2, 'min_samples_leaf': 2, 'max_features': 'log2', 'max_depth': 10}",0.7060931413196282,0.6930127939671725,0.6972797494133245,0.698795228233375,0.005446489925064271,3,0.8717383192461923,0.8719411845653999,0.8674358150727792,0.8703717729614571,0.002077687035704507
2.2862466176350913,0.032550069150133344,0.06029780705769857,0.005969174399205208,200,5,4,,6,"{'n_estimators': 200, 'min_samples_split': 5, 'min_samples_leaf': 4, 'max_features': None, 'max_depth': 6}",0.7046424750459728,0.6941183341522158,0.6947034781670862,0.6978214291217583,0.004829119933950504,4,0.735764154985527,0.7411515331784446,0.7409194332445597,0.7392783738028438,0.0024867338708722043
1.5181910991668701,0.07584410140413461,0.10102017720540364,0.013219952379728445,200,2,2,log2,20,"{'n_estimators': 200, 'min_samples_split': 2, 'min_samples_leaf': 2, 'max_features': 'log2', 'max_depth': 20}",0.6960057975695363,0.6824170702773532,0.6876126071276021,0.6886784916581639,0.005598539079063305,11,0.9999984688023126,0.9999987995410131,0.9999981381613618,0.999998468834896,2.700071129606582e-07
3.4937103589375815,0.07669462851497913,0.18869264920552573,0.0019871214068070573,500,2,4,log2,20,"{'n_estimators': 500, 'min_samples_split': 2, 'min_samples_leaf': 4, 'max_features': 'log2', 'max_depth': 20}",0.6998885150621766,0.6883597162401129,0.6935055531983402,0.6939179281668766,0.004715636429716984,7,0.9986756364962169,0.9981278474611553,0.9981935633102551,0.9983323490892091,0.0002442189264619379
