mean_fit_time,std_fit_time,mean_score_time,std_score_time,param_subsample,param_reg_lambda,param_reg_alpha,param_num_leaves,param_n_estimators,param_min_child_samples,param_max_depth,param_learning_rate,param_colsample_bytree,params,split0_test_score,split1_test_score,split2_test_score,mean_test_score,std_test_score,rank_test_score,split0_train_score,split1_train_score,split2_train_score,mean_train_score,std_train_score
3.3722623189290366,0.3466628048854851,0.06149458885192871,0.003653610149990783,0.8,2.0,0.5,63,800,80,6,0.01,0.9,"{'subsample': 0.8, 'reg_lambda': 2.0, 'reg_alpha': 0.5, 'num_leaves': 63, 'n_estimators': 800, 'min_child_samples': 80, 'max_depth': 6, 'learning_rate': 0.01, 'colsample_bytree': 0.9}",0.7866348503547995,0.7789740293963195,0.779417402460728,0.781675427403949,0.0035115098293685343,3,0.8694269285282604,0.8667269076703656,0.8726700730689827,0.8696079697558696,0.0024296619357982614
1.2007253170013428,0.0641519523728519,0.03645698229471842,0.002203497393626697,0.8,1.0,0.0,15,800,10,3,0.1,0.8,"{'subsample': 0.8, 'reg_lambda': 1.0, 'reg_alpha': 0, 'num_leaves': 15, 'n_estimators': 800, 'min_child_samples': 10, 'max_depth': 3, 'learning_rate': 0.1, 'colsample_bytree': 0.8}",0.7749577117469634,0.7686619281073631,0.7708377671653994,0.7714858023399086,0.0026107706524722374,4,0.9159610308307403,0.9161603254530493,0.919826051791439,0.9173158026917427,0.0017768778786613603
1.8824957211812336,0.21617949562730746,0.040191332499186196,0.002195701829208857,0.9,2.0,0.1,127,500,80,6,0.08,0.8,"{'subsample': 0.9, 'reg_lambda': 2.0, 'reg_alpha': 0.1, 'num_leaves': 127, 'n_estimators': 500, 'min_child_samples': 80, 'max_depth': 6, 'learning_rate': 0.08, 'colsample_bytree': 0.8}",0.7683872736648334,0.7617610278853646,0.7597771400560354,0.7633084805354112,0.0036814451391122983,8,0.9639551561482769,0.9622776992797407,0.9674777237236982,0.9645701930505718,0.0021669896704610645
3.4214183489481607,0.2745849374213744,0.06358663241068523,0.004179306639404763,0.8,0.5,0.05,127,800,40,6,0.05,0.8,"{'subsample': 0.8, 'reg_lambda': 0.5, 'reg_alpha': 0.05, 'num_leaves': 127, 'n_estimators': 800, 'min_child_samples': 40, 'max_depth': 6, 'learning_rate': 0.05, 'colsample_bytree': 0.8}",0.7662197785323074,0.7617990624306847,0.7590374673169581,0.7623521027599834,0.0029581287782319567,9,0.9845628775495873,0.983785866923907,0.9849993115865785,0.9844493520200243,0.0005018485971807282
0.7195044358571371,0.03411025669027139,0.02086790402730306,0.00030713380404706077,0.7,2.0,0.05,31,300,20,4,0.03,0.8,"{'subsample': 0.7, 'reg_lambda': 2.0, 'reg_alpha': 0.05, 'num_leaves': 31, 'n_estimators': 300, 'min_child_samples': 20, 'max_depth': 4, 'learning_rate': 0.03, 'colsample_bytree': 0.8}",0.7912462131337432,0.7813015421408543,0.7825520255047641,0.7850332602597873,0.004422783039471286,1,0.8338929298489147,0.8377895920852656,0.8368757595060295,0.8361860938134034,0.0016638756407336057
6.948124726613362,0.04479057862633885,0.0937655766805013,0.010461106624511848,0.9,1.0,0.5,63,800,10,8,0.05,0.9,"{'subsample': 0.9, 'reg_lambda': 1.0, 'reg_alpha': 0.5, 'num_leaves': 63, 'n_estimators': 800, 'min_child_samples': 10, 'max_depth': 8, 'learning_rate': 0.05, 'colsample_bytree': 0.9}",0.764395305233743,0.7593599935353121,0.7537945608264912,0.7591832865318487,0.004329539199558827,12,0.9992724169283184,0.9993168099201959,0.9993422600766663,0.9993104956417268,2.886080302908375e-05
1.214941104253133,0.03696658820430496,0.03257958094278971,0.0011187585533137944,1.0,2.0,0.5,15,500,20,5,0.03,0.7,"{'subsample': 1.0, 'reg_lambda': 2.0, 'reg_alpha': 0.5, 'num_leaves': 15, 'n_estimators': 500, 'min_child_samples': 20, 'max_depth': 5, 'learning_rate': 0.03, 'colsample_bytree': 0.7}",0.7890617150191191,0.7785708158208542,0.7805825454287918,0.7827383587562551,0.004546089148868523,2,0.8672401812785898,0.868455672649928,0.8707474623493547,0.868814438759291,0.0014541412054902645
1.2086962064107258,0.11516296689613711,0.03603839874267578,0.0020121037151522216,1.0,1.0,0.1,15,500,80,5,0.08,0.7,"{'subsample': 1.0, 'reg_lambda': 1.0, 'reg_alpha': 0.1, 'num_leaves': 15, 'n_estimators': 500, 'min_child_samples': 80, 'max_depth': 5, 'learning_rate': 0.08, 'colsample_bytree': 0.7}",0.7743207812224516,0.7667136351830682,0.7660505312959557,0.7690283159004919,0.003752116609718312,6,0.9243008274065925,0.9249074032969452,0.9284378844925221,0.9258820383986865,0.001824142815903749
1.435278336207072,0.09962818651195215,0.033752997716267906,0.0015632293160083056,0.8,2.0,0.5,127,500,80,5,0.08,0.8,"{'subsample': 0.8, 'reg_lambda': 2.0, 'reg_alpha': 0.5, 'num_leaves': 127, 'n_estimators': 500, 'min_child_samples': 80, 'max_depth': 5, 'learning_rate': 0.08, 'colsample_bytree': 0.8}",0.77211957634493,0.7660451869356433,0.7647281094234817,0.7676309575680182,0.003219155912822857,7,0.9391662753281786,0.9384488650334883,0.9424387886720091,0.9400179763445587,0.001736647848832896
2.394852638244629,0.10702621189350814,0.05174668629964193,0.006508140860612521,0.9,1.0,0.05,63,300,20,8,0.05,0.8,"{'subsample': 0.9, 'reg_lambda': 1.0, 'reg_alpha': 0.05, 'num_leaves': 63, 'n_estimators': 300, 'min_child_samples': 20, 'max_depth': 8, 'learning_rate': 0.05, 'colsample_bytree': 0.8}",0.7754797684655941,0.7665115544446149,0.7658453462794715,0.7692788897298936,0.0043931106026727385,5,0.9722859201273827,0.9717935547594958,0.9744197539816599,0.9728330762895129,0.0011398144550588258
1.847266674041748,0.11100670618894803,0.03988234202067057,0.0011397822599088542,0.9,1.0,0.05,127,500,80,6,0.1,0.8,"{'subsample': 0.9, 'reg_lambda': 1.0, 'reg_alpha': 0.05, 'num_leaves': 127, 'n_estimators': 500, 'min_child_samples': 80, 'max_depth': 6, 'learning_rate': 0.1, 'colsample_bytree': 0.8}",0.7634475222804235,0.7587810627302216,0.7558425619217587,0.7593570489774679,0.003131312358738028,11,0.9768604417307036,0.9771962026015595,0.9791728724589132,0.9777431722637254,0.0010202012307021758
8.987735033035278,0.7503173119769202,0.1858048439025879,0.004375251563291394,0.7,0.5,0.05,127,500,80,-1,0.03,0.7,"{'subsample': 0.7, 'reg_lambda': 0.5, 'reg_alpha': 0.05, 'num_leaves': 127, 'n_estimators': 500, 'min_child_samples': 80, 'max_depth': -1, 'learning_rate': 0.03, 'colsample_bytree': 0.7}",0.7656760385682139,0.760984815092866,0.7573727743347357,0.7613445426652717,0.0033993236756254108,10,0.9982181203900624,0.9981381745050899,0.9984238028241775,0.99826003257311,0.00012031446984759978
