model_a,model_b,metric,difference_mean,ci_low,ci_high,bootstrap_reps,inference_scope
XGBoost,LightGBM,AUROC,0.004268713641629683,-0.0075906572333451746,0.015782729467222263,2000,conditional_on_fitted_models_and_selected_thresholds
XGBoost,LightGBM,AUPRC,0.01420935763137781,0.0023149640512426157,0.027633344656082633,2000,conditional_on_fitted_models_and_selected_thresholds
XGBoost,LightGBM,Brier,0.06152358828686102,0.058624053173086714,0.06449626171700006,2000,conditional_on_fitted_models_and_selected_thresholds
XGBoost,LightGBM,F1,0.01756789140019696,0.0035198656238676538,0.031432398985659596,2000,conditional_on_fitted_models_and_selected_thresholds
XGBoost,LightGBM,MCC,0.02013739421035087,0.0005271101923897495,0.03984921631961749,2000,conditional_on_fitted_models_and_selected_thresholds
XGBoost,CatBoost,AUROC,0.0018219323503989285,-0.007319192887079937,0.010865738073196086,2000,conditional_on_fitted_models_and_selected_thresholds
XGBoost,CatBoost,AUPRC,0.00708052114768981,-0.0033541478380002465,0.01783263187981447,2000,conditional_on_fitted_models_and_selected_thresholds
XGBoost,CatBoost,Brier,0.008011158037436837,0.0072645789036071,0.008782717165809362,2000,conditional_on_fitted_models_and_selected_thresholds
XGBoost,CatBoost,F1,0.0046026736508075336,-0.010282863596029906,0.019924610317528083,2000,conditional_on_fitted_models_and_selected_thresholds
XGBoost,CatBoost,MCC,0.008729820821915254,-0.009790840500886338,0.02843638734842879,2000,conditional_on_fitted_models_and_selected_thresholds
XGBoost,Random Forest,AUROC,0.020823718385515732,0.009417770884893057,0.031364616129468115,2000,conditional_on_fitted_models_and_selected_thresholds
XGBoost,Random Forest,AUPRC,0.0131280455948575,0.0016292480886429747,0.025228418288684218,2000,conditional_on_fitted_models_and_selected_thresholds
XGBoost,Random Forest,Brier,0.03869316822263334,0.03718376087636026,0.040232502895658856,2000,conditional_on_fitted_models_and_selected_thresholds
XGBoost,Random Forest,F1,0.027481094570500842,0.013991154554807709,0.04070522384365677,2000,conditional_on_fitted_models_and_selected_thresholds
XGBoost,Random Forest,MCC,0.026939574731061428,0.008000052836092548,0.045312772454472516,2000,conditional_on_fitted_models_and_selected_thresholds
XGBoost,Logistic Reg.,AUROC,0.04143570315311047,0.025859010016717993,0.05716712276557902,2000,conditional_on_fitted_models_and_selected_thresholds
XGBoost,Logistic Reg.,AUPRC,0.025281118775678273,0.009173443628693016,0.04144055363045272,2000,conditional_on_fitted_models_and_selected_thresholds
XGBoost,Logistic Reg.,Brier,-0.03605830446011701,-0.03773494995716613,-0.03443015661544028,2000,conditional_on_fitted_models_and_selected_thresholds
XGBoost,Logistic Reg.,F1,0.03977329823334573,0.024644779720376733,0.05513905892191461,2000,conditional_on_fitted_models_and_selected_thresholds
XGBoost,Logistic Reg.,MCC,0.04396571540281252,0.021570735461140796,0.06638565402696181,2000,conditional_on_fitted_models_and_selected_thresholds
XGBoost,TabNet,AUROC,0.1401486181888626,0.11212186999640576,0.16784954491658263,2000,conditional_on_fitted_models_and_selected_thresholds
XGBoost,TabNet,AUPRC,0.059087553403699894,0.0405956361534632,0.07882874974837019,2000,conditional_on_fitted_models_and_selected_thresholds
XGBoost,TabNet,Brier,0.022335709024220704,0.01738580074161291,0.027194458432495593,2000,conditional_on_fitted_models_and_selected_thresholds
XGBoost,TabNet,F1,0.0694022991447291,0.04268379902783114,0.09456102071027106,2000,conditional_on_fitted_models_and_selected_thresholds
XGBoost,TabNet,MCC,0.07816290131025778,0.04741194577469353,0.10748224094684561,2000,conditional_on_fitted_models_and_selected_thresholds
LightGBM,CatBoost,AUROC,-0.002446781291230754,-0.015643172512899296,0.010501964490169132,2000,conditional_on_fitted_models_and_selected_thresholds
LightGBM,CatBoost,AUPRC,-0.007128836483687999,-0.019540943191413085,0.005065988285402342,2000,conditional_on_fitted_models_and_selected_thresholds
LightGBM,CatBoost,Brier,-0.05351243024942418,-0.056321030935906645,-0.05075515327420015,2000,conditional_on_fitted_models_and_selected_thresholds
LightGBM,CatBoost,F1,-0.012965217749389425,-0.0295090450877385,0.003643980330355431,2000,conditional_on_fitted_models_and_selected_thresholds
LightGBM,CatBoost,MCC,-0.011407573388435618,-0.03302370262987362,0.009845934721192672,2000,conditional_on_fitted_models_and_selected_thresholds
LightGBM,Random Forest,AUROC,0.01655500474388605,0.003393785054788731,0.029272958176507817,2000,conditional_on_fitted_models_and_selected_thresholds
LightGBM,Random Forest,AUPRC,-0.0010813120365203083,-0.01297163147353927,0.010271886811073893,2000,conditional_on_fitted_models_and_selected_thresholds
LightGBM,Random Forest,Brier,-0.022830420064227686,-0.02446968952415208,-0.021129471350305296,2000,conditional_on_fitted_models_and_selected_thresholds
LightGBM,Random Forest,F1,0.00991320317030389,-0.0025556964083620695,0.022139181120151143,2000,conditional_on_fitted_models_and_selected_thresholds
LightGBM,Random Forest,MCC,0.006802180520710555,-0.01317923256426166,0.025914332821848678,2000,conditional_on_fitted_models_and_selected_thresholds
LightGBM,Logistic Reg.,AUROC,0.03716698951148079,0.019790503978124686,0.055659128907435136,2000,conditional_on_fitted_models_and_selected_thresholds
LightGBM,Logistic Reg.,AUPRC,0.011071761144300462,-0.002901390229787732,0.02512595442308043,2000,conditional_on_fitted_models_and_selected_thresholds
LightGBM,Logistic Reg.,Brier,-0.09758189274697804,-0.10136268516273775,-0.09386751284357002,2000,conditional_on_fitted_models_and_selected_thresholds
LightGBM,Logistic Reg.,F1,0.02220540683314877,0.009120264647610047,0.036648526408645674,2000,conditional_on_fitted_models_and_selected_thresholds
LightGBM,Logistic Reg.,MCC,0.023828321192461643,0.0028409412724395297,0.04692280858977328,2000,conditional_on_fitted_models_and_selected_thresholds
LightGBM,TabNet,AUROC,0.13587990454723292,0.10976354582295368,0.162560263449991,2000,conditional_on_fitted_models_and_selected_thresholds
LightGBM,TabNet,AUPRC,0.04487819577232208,0.030910117094503357,0.05995440591778005,2000,conditional_on_fitted_models_and_selected_thresholds
LightGBM,TabNet,Brier,-0.039187879262640314,-0.04303902758571852,-0.03530215781183679,2000,conditional_on_fitted_models_and_selected_thresholds
LightGBM,TabNet,F1,0.05183440774453214,0.02797316075965172,0.07568819771736367,2000,conditional_on_fitted_models_and_selected_thresholds
LightGBM,TabNet,MCC,0.058025507099906906,0.029012548931426296,0.0867033770653167,2000,conditional_on_fitted_models_and_selected_thresholds
CatBoost,Random Forest,AUROC,0.01900178603511681,0.007582257686910185,0.029837138732956438,2000,conditional_on_fitted_models_and_selected_thresholds
CatBoost,Random Forest,AUPRC,0.00604752444716769,-0.003944237665693195,0.016365376903847217,2000,conditional_on_fitted_models_and_selected_thresholds
CatBoost,Random Forest,Brier,0.030682010185196496,0.029346290261856246,0.03203906733152734,2000,conditional_on_fitted_models_and_selected_thresholds
CatBoost,Random Forest,F1,0.022878420919693315,0.005421797183392215,0.04002103115430824,2000,conditional_on_fitted_models_and_selected_thresholds
CatBoost,Random Forest,MCC,0.018209753909146174,-0.003147854410462369,0.04023383359357911,2000,conditional_on_fitted_models_and_selected_thresholds
CatBoost,Logistic Reg.,AUROC,0.03961377080271154,0.021631207394544032,0.05757196841232956,2000,conditional_on_fitted_models_and_selected_thresholds
CatBoost,Logistic Reg.,AUPRC,0.018200597627988462,0.0013885368740624328,0.0355209851727784,2000,conditional_on_fitted_models_and_selected_thresholds
CatBoost,Logistic Reg.,Brier,-0.04406946249755384,-0.04599558943078694,-0.042204841072779525,2000,conditional_on_fitted_models_and_selected_thresholds
CatBoost,Logistic Reg.,F1,0.035170624582538196,0.015596499873433776,0.053178070104687954,2000,conditional_on_fitted_models_and_selected_thresholds
CatBoost,Logistic Reg.,MCC,0.035235894580897265,0.010425936457367543,0.060160954338886644,2000,conditional_on_fitted_models_and_selected_thresholds
CatBoost,TabNet,AUROC,0.13832668583846366,0.11061194978944708,0.1665500132028632,2000,conditional_on_fitted_models_and_selected_thresholds
CatBoost,TabNet,AUPRC,0.052007032256010076,0.035698726414618145,0.06947063230146412,2000,conditional_on_fitted_models_and_selected_thresholds
CatBoost,TabNet,Brier,0.014324550986783865,0.009503695174078765,0.01892322712033362,2000,conditional_on_fitted_models_and_selected_thresholds
CatBoost,TabNet,F1,0.06479962549392158,0.03629075010139969,0.09182981340747534,2000,conditional_on_fitted_models_and_selected_thresholds
CatBoost,TabNet,MCC,0.06943308048834254,0.037055528708112566,0.10095886665587837,2000,conditional_on_fitted_models_and_selected_thresholds
Random Forest,Logistic Reg.,AUROC,0.02061198476759474,0.0023143011359252064,0.03869905051681905,2000,conditional_on_fitted_models_and_selected_thresholds
Random Forest,Logistic Reg.,AUPRC,0.012153073180820768,-0.004431868716218266,0.029588450690758387,2000,conditional_on_fitted_models_and_selected_thresholds
Random Forest,Logistic Reg.,Brier,-0.07475147268275034,-0.07727159600333595,-0.07231045165080605,2000,conditional_on_fitted_models_and_selected_thresholds
Random Forest,Logistic Reg.,F1,0.01229220366284488,0.0003837953447305622,0.02485572300186385,2000,conditional_on_fitted_models_and_selected_thresholds
Random Forest,Logistic Reg.,MCC,0.017026140671751087,-0.005172917983754962,0.04009827916300765,2000,conditional_on_fitted_models_and_selected_thresholds
Random Forest,TabNet,AUROC,0.11932489980334685,0.09207199063074084,0.1471315456443306,2000,conditional_on_fitted_models_and_selected_thresholds
Random Forest,TabNet,AUPRC,0.045959507808842386,0.030508670645297463,0.06337517623731859,2000,conditional_on_fitted_models_and_selected_thresholds
Random Forest,TabNet,Brier,-0.016357459198412635,-0.02063475207044912,-0.012153173933799544,2000,conditional_on_fitted_models_and_selected_thresholds
Random Forest,TabNet,F1,0.04192120457422826,0.01778508792624071,0.06494698286311328,2000,conditional_on_fitted_models_and_selected_thresholds
Random Forest,TabNet,MCC,0.05122332657919635,0.02258393887107231,0.08016667610496647,2000,conditional_on_fitted_models_and_selected_thresholds
Logistic Reg.,TabNet,AUROC,0.09871291503575212,0.07166904070874566,0.12766468804298897,2000,conditional_on_fitted_models_and_selected_thresholds
Logistic Reg.,TabNet,AUPRC,0.03380643462802162,0.018251271947826577,0.05058535011444316,2000,conditional_on_fitted_models_and_selected_thresholds
Logistic Reg.,TabNet,Brier,0.05839401348433771,0.05297094090722962,0.06363875360532573,2000,conditional_on_fitted_models_and_selected_thresholds
Logistic Reg.,TabNet,F1,0.029629000911383378,0.005506812315818506,0.05268173669234795,2000,conditional_on_fitted_models_and_selected_thresholds
Logistic Reg.,TabNet,MCC,0.03419718590744526,0.004709025314871972,0.06390119943730234,2000,conditional_on_fitted_models_and_selected_thresholds
