seed,Model,Strategy,AUROC,AUPRC,F1,Precision,Recall,Specificity,G-Mean,MCC,Brier,TP,FP,FN,TN,threshold
42,XGBoost,SMOTE,0.7906,0.667,0.6412,0.5915,0.7,0.7929,0.745,0.472,0.1732,42.0,29.0,18.0,111.0,0.5
42,XGBoost,BorderlineSMOTE,0.7405,0.5562,0.4878,0.4762,0.5,0.7643,0.6182,0.2607,0.1936,30.0,33.0,30.0,107.0,0.5
42,XGBoost,SVMSMOTE,0.766,0.6157,0.5538,0.5143,0.6,0.7571,0.674,0.3431,0.1859,36.0,34.0,24.0,106.0,0.5
42,XGBoost,ADASYN,0.7487,0.6148,0.5,0.5385,0.4667,0.8286,0.6218,0.3084,0.1771,28.0,24.0,32.0,116.0,0.5
42,XGBoost,,0.775,0.6809,0.5657,0.7179,0.4667,0.9214,0.6557,0.4489,0.1606,28.0,11.0,32.0,129.0,0.5
42,LightGBM,SMOTE,0.7467,0.6177,0.5357,0.5769,0.5,0.8429,0.6492,0.3582,0.182,30.0,22.0,30.0,118.0,0.5
42,LightGBM,BorderlineSMOTE,0.7669,0.6448,0.4828,0.5,0.4667,0.8,0.611,0.2722,0.1743,28.0,28.0,32.0,112.0,0.5
42,LightGBM,SVMSMOTE,0.7585,0.6523,0.5321,0.5918,0.4833,0.8571,0.6437,0.3628,0.1746,29.0,20.0,31.0,120.0,0.5
42,LightGBM,ADASYN,0.7519,0.6233,0.5043,0.5273,0.4833,0.8143,0.6274,0.3054,0.1753,29.0,26.0,31.0,114.0,0.5
42,LightGBM,,0.7445,0.6652,0.5347,0.6585,0.45,0.9,0.6364,0.3973,0.1701,27.0,14.0,33.0,126.0,0.5
42,CatBoost,SMOTE,0.749,0.6194,0.5736,0.5362,0.6167,0.7714,0.6897,0.3741,0.1837,37.0,32.0,23.0,108.0,0.5
42,CatBoost,BorderlineSMOTE,0.7168,0.5346,0.5496,0.507,0.6,0.75,0.6708,0.3352,0.2002,36.0,35.0,24.0,105.0,0.5
42,CatBoost,SVMSMOTE,0.7607,0.636,0.5512,0.5224,0.5833,0.7714,0.6708,0.3444,0.1817,35.0,32.0,25.0,108.0,0.5
42,CatBoost,ADASYN,0.7357,0.5949,0.5581,0.5217,0.6,0.7643,0.6772,0.3512,0.1942,36.0,33.0,24.0,107.0,0.5
42,CatBoost,,0.7732,0.6478,0.4651,0.7692,0.3333,0.9571,0.5648,0.3958,0.1703,20.0,6.0,40.0,134.0,0.5
42,Random Forest,SMOTE,0.7708,0.637,0.5385,0.6364,0.4667,0.8857,0.6429,0.3898,0.1698,28.0,16.0,32.0,124.0,0.5
42,Random Forest,BorderlineSMOTE,0.7609,0.6281,0.5,0.5625,0.45,0.85,0.6185,0.3219,0.1734,27.0,21.0,33.0,119.0,0.5
42,Random Forest,SVMSMOTE,0.7693,0.6621,0.5047,0.5745,0.45,0.8571,0.6211,0.332,0.168,27.0,20.0,33.0,120.0,0.5
42,Random Forest,ADASYN,0.7567,0.6153,0.5047,0.5745,0.45,0.8571,0.6211,0.332,0.1754,27.0,20.0,33.0,120.0,0.5
42,Random Forest,,0.7686,0.6679,0.5641,0.5789,0.55,0.8286,0.6751,0.3843,0.1748,33.0,24.0,27.0,116.0,0.5
42,Logistic Reg.,SMOTE,0.7358,0.5574,0.5588,0.5,0.6333,0.7286,0.6793,0.3417,0.2059,38.0,38.0,22.0,102.0,0.5
42,Logistic Reg.,BorderlineSMOTE,0.717,0.5202,0.5417,0.4643,0.65,0.6786,0.6641,0.3051,0.2181,39.0,45.0,21.0,95.0,0.5
42,Logistic Reg.,SVMSMOTE,0.7363,0.5618,0.5778,0.52,0.65,0.7429,0.6949,0.3719,0.2026,39.0,36.0,21.0,104.0,0.5
42,Logistic Reg.,ADASYN,0.7233,0.5418,0.5674,0.4938,0.6667,0.7071,0.6866,0.349,0.2149,40.0,41.0,20.0,99.0,0.5
42,Logistic Reg.,,0.7358,0.5539,0.5612,0.4937,0.65,0.7143,0.6814,0.3415,0.2074,39.0,40.0,21.0,100.0,0.5
99,XGBoost,SMOTE,0.7817,0.6836,0.5294,0.6429,0.45,0.8929,0.6339,0.3857,0.1575,27.0,15.0,33.0,125.0,0.5
99,XGBoost,BorderlineSMOTE,0.6987,0.5544,0.4854,0.5814,0.4167,0.8714,0.6026,0.3214,0.2372,25.0,18.0,35.0,122.0,0.5
99,XGBoost,SVMSMOTE,0.7115,0.5759,0.5,0.5385,0.4667,0.8286,0.6218,0.3084,0.2374,28.0,24.0,32.0,116.0,0.5
99,XGBoost,ADASYN,0.7844,0.6927,0.6168,0.7021,0.55,0.9,0.7036,0.4864,0.1795,33.0,14.0,27.0,126.0,0.5
99,XGBoost,,0.783,0.6318,0.0,0.0,0.0,1.0,0.0,0.0,0.1863,0.0,0.0,60.0,140.0,0.5
99,LightGBM,SMOTE,0.7782,0.6561,0.5455,0.6923,0.45,0.9143,0.6414,0.4213,0.1644,27.0,12.0,33.0,128.0,0.5
99,LightGBM,BorderlineSMOTE,0.774,0.6499,0.5714,0.6667,0.5,0.8929,0.6682,0.4311,0.1689,30.0,15.0,30.0,125.0,0.5
99,LightGBM,SVMSMOTE,0.7696,0.6326,0.5283,0.6087,0.4667,0.8714,0.6377,0.3682,0.1754,28.0,18.0,32.0,122.0,0.5
99,LightGBM,ADASYN,0.7779,0.6595,0.5524,0.6444,0.4833,0.8857,0.6543,0.405,0.1645,29.0,16.0,31.0,124.0,0.5
99,LightGBM,,0.795,0.6693,0.4615,0.6774,0.35,0.9286,0.5701,0.3527,0.1577,21.0,10.0,39.0,130.0,0.5
99,CatBoost,SMOTE,0.7611,0.6354,0.5872,0.6531,0.5333,0.8786,0.6845,0.4389,0.1681,32.0,17.0,28.0,123.0,0.5
99,CatBoost,BorderlineSMOTE,0.7644,0.6202,0.5234,0.5957,0.4667,0.8643,0.6351,0.3577,0.168,28.0,19.0,32.0,121.0,0.5
99,CatBoost,SVMSMOTE,0.776,0.6572,0.5688,0.6327,0.5167,0.8714,0.671,0.4135,0.1658,31.0,18.0,29.0,122.0,0.5
99,CatBoost,ADASYN,0.7809,0.6139,0.5612,0.4937,0.65,0.7143,0.6814,0.3415,0.2133,39.0,40.0,21.0,100.0,0.5
99,CatBoost,,0.7618,0.6371,0.5055,0.7419,0.3833,0.9429,0.6012,0.413,0.1654,23.0,8.0,37.0,132.0,0.5
99,Random Forest,SMOTE,0.7735,0.6519,0.4848,0.6154,0.4,0.8929,0.5976,0.3387,0.1638,24.0,15.0,36.0,125.0,0.5
99,Random Forest,BorderlineSMOTE,0.759,0.6446,0.4742,0.6216,0.3833,0.9,0.5874,0.3344,0.1685,23.0,14.0,37.0,126.0,0.5
99,Random Forest,SVMSMOTE,0.7709,0.6271,0.5051,0.641,0.4167,0.9,0.6124,0.3663,0.1654,25.0,14.0,35.0,126.0,0.5
99,Random Forest,ADASYN,0.7667,0.6337,0.5253,0.6667,0.4333,0.9071,0.627,0.3938,0.1661,26.0,13.0,34.0,127.0,0.5
99,Random Forest,,0.786,0.6694,0.5472,0.6304,0.4833,0.8786,0.6516,0.3941,0.1608,29.0,17.0,31.0,123.0,0.5
99,Logistic Reg.,SMOTE,0.7676,0.6782,0.6154,0.5714,0.6667,0.7857,0.7237,0.4346,0.1791,40.0,30.0,20.0,110.0,0.5
99,Logistic Reg.,BorderlineSMOTE,0.7689,0.6775,0.5839,0.5195,0.6667,0.7357,0.7003,0.3789,0.1824,40.0,37.0,20.0,103.0,0.5
99,Logistic Reg.,SVMSMOTE,0.7564,0.6846,0.592,0.5692,0.6167,0.8,0.7024,0.4077,0.176,37.0,28.0,23.0,112.0,0.5
99,Logistic Reg.,ADASYN,0.7661,0.6934,0.6029,0.5395,0.6833,0.75,0.7159,0.4091,0.1824,41.0,35.0,19.0,105.0,0.5
99,Logistic Reg.,,0.7651,0.6842,0.5692,0.5286,0.6167,0.7643,0.6865,0.366,0.1799,37.0,33.0,23.0,107.0,0.5
123,XGBoost,SMOTE,0.799,0.6174,0.625,0.5882,0.6667,0.8,0.7303,0.4514,0.1974,40.0,28.0,20.0,112.0,0.5
123,XGBoost,BorderlineSMOTE,0.7988,0.6446,0.5565,0.5818,0.5333,0.8357,0.6676,0.3788,0.1616,32.0,23.0,28.0,117.0,0.5
123,XGBoost,SVMSMOTE,0.7706,0.6021,0.595,0.5902,0.6,0.8214,0.702,0.4195,0.1796,36.0,25.0,24.0,115.0,0.5
123,XGBoost,ADASYN,0.813,0.6635,0.5818,0.64,0.5333,0.8714,0.6817,0.4284,0.1551,32.0,18.0,28.0,122.0,0.5
123,XGBoost,,0.7599,0.5428,0.2338,0.5294,0.15,0.9429,0.3761,0.1526,0.1787,9.0,8.0,51.0,132.0,0.5
123,LightGBM,SMOTE,0.7999,0.637,0.5983,0.614,0.5833,0.8429,0.7012,0.4327,0.1599,35.0,22.0,25.0,118.0,0.5
123,LightGBM,BorderlineSMOTE,0.7985,0.6581,0.5536,0.5962,0.5167,0.85,0.6627,0.3831,0.1626,31.0,21.0,29.0,119.0,0.5
123,LightGBM,SVMSMOTE,0.7843,0.6116,0.5586,0.6078,0.5167,0.8571,0.6655,0.393,0.1668,31.0,20.0,29.0,120.0,0.5
123,LightGBM,ADASYN,0.8111,0.6542,0.5841,0.6226,0.55,0.8571,0.6866,0.4228,0.1543,33.0,20.0,27.0,120.0,0.5
123,LightGBM,,0.7885,0.6022,0.5098,0.619,0.4333,0.8857,0.6195,0.359,0.1627,26.0,16.0,34.0,124.0,0.5
123,CatBoost,SMOTE,0.7831,0.6119,0.6015,0.5479,0.6667,0.7643,0.7138,0.4102,0.18,40.0,33.0,20.0,107.0,0.5
123,CatBoost,BorderlineSMOTE,0.8049,0.6579,0.6,0.6,0.6,0.8286,0.7051,0.4286,0.1598,36.0,24.0,24.0,116.0,0.5
123,CatBoost,SVMSMOTE,0.8,0.64,0.5739,0.6,0.55,0.8429,0.6809,0.4032,0.1622,33.0,22.0,27.0,118.0,0.5
123,CatBoost,ADASYN,0.81,0.6631,0.6154,0.6316,0.6,0.85,0.7141,0.4568,0.1561,36.0,21.0,24.0,119.0,0.5
123,CatBoost,,0.7855,0.6,0.4792,0.6389,0.3833,0.9071,0.5897,0.3465,0.1656,23.0,13.0,37.0,127.0,0.5
123,Random Forest,SMOTE,0.7933,0.6279,0.5614,0.5926,0.5333,0.8429,0.6705,0.3883,0.1634,32.0,22.0,28.0,118.0,0.5
123,Random Forest,BorderlineSMOTE,0.7934,0.6443,0.5536,0.5962,0.5167,0.85,0.6627,0.3831,0.1617,31.0,21.0,29.0,119.0,0.5
123,Random Forest,SVMSMOTE,0.7865,0.6183,0.5192,0.6136,0.45,0.8786,0.6288,0.3635,0.1643,27.0,17.0,33.0,123.0,0.5
123,Random Forest,ADASYN,0.801,0.6382,0.5225,0.5686,0.4833,0.8429,0.6383,0.343,0.1606,29.0,22.0,31.0,118.0,0.5
123,Random Forest,,0.7757,0.5991,0.5517,0.5714,0.5333,0.8286,0.6648,0.3694,0.1715,32.0,24.0,28.0,116.0,0.5
123,Logistic Reg.,SMOTE,0.772,0.6478,0.6418,0.5811,0.7167,0.7786,0.747,0.4701,0.1839,43.0,31.0,17.0,109.0,0.5
123,Logistic Reg.,BorderlineSMOTE,0.772,0.6188,0.6232,0.5513,0.7167,0.75,0.7331,0.4384,0.1904,43.0,35.0,17.0,105.0,0.5
123,Logistic Reg.,SVMSMOTE,0.7675,0.6359,0.626,0.5775,0.6833,0.7857,0.7327,0.4492,0.1812,41.0,30.0,19.0,110.0,0.5
123,Logistic Reg.,ADASYN,0.7674,0.6256,0.6286,0.55,0.7333,0.7429,0.7381,0.4454,0.1913,44.0,36.0,16.0,104.0,0.5
123,Logistic Reg.,,0.7729,0.6307,0.6176,0.5526,0.7,0.7571,0.728,0.4316,0.1858,42.0,34.0,18.0,106.0,0.5
326,XGBoost,SMOTE,0.8254,0.6558,0.64,0.6154,0.6667,0.8214,0.74,0.4776,0.193,40.0,25.0,20.0,115.0,0.5
326,XGBoost,BorderlineSMOTE,0.7751,0.5774,0.5692,0.5286,0.6167,0.7643,0.6865,0.366,0.2185,37.0,33.0,23.0,107.0,0.5
326,XGBoost,SVMSMOTE,0.7519,0.5453,0.5694,0.4881,0.6833,0.6929,0.6881,0.3493,0.2428,41.0,43.0,19.0,97.0,0.5
326,XGBoost,ADASYN,0.7853,0.6015,0.5439,0.5741,0.5167,0.8357,0.6571,0.3637,0.2123,31.0,23.0,29.0,117.0,0.5
326,XGBoost,,0.8032,0.6402,0.2973,0.7857,0.1833,0.9786,0.4236,0.2908,0.169,11.0,3.0,49.0,137.0,0.5
326,LightGBM,SMOTE,0.8305,0.6797,0.6612,0.6557,0.6667,0.85,0.7528,0.5143,0.1522,40.0,21.0,20.0,119.0,0.5
326,LightGBM,BorderlineSMOTE,0.8152,0.6674,0.6406,0.6029,0.6833,0.8071,0.7427,0.4745,0.1585,41.0,27.0,19.0,113.0,0.5
326,LightGBM,SVMSMOTE,0.8132,0.6581,0.6129,0.5938,0.6333,0.8143,0.7181,0.4397,0.1607,38.0,26.0,22.0,114.0,0.5
326,LightGBM,ADASYN,0.8218,0.6819,0.678,0.6897,0.6667,0.8714,0.7622,0.5434,0.154,40.0,18.0,20.0,122.0,0.5
326,LightGBM,,0.8176,0.6741,0.5417,0.7222,0.4333,0.9286,0.6343,0.4317,0.1549,26.0,10.0,34.0,130.0,0.5
326,CatBoost,SMOTE,0.8204,0.6517,0.6405,0.5269,0.8167,0.6857,0.7483,0.4616,0.2048,49.0,44.0,11.0,96.0,0.5
326,CatBoost,BorderlineSMOTE,0.7085,0.4452,0.5641,0.4583,0.7333,0.6286,0.6789,0.332,0.2432,44.0,52.0,16.0,88.0,0.5
326,CatBoost,SVMSMOTE,0.832,0.6684,0.6533,0.5444,0.8167,0.7071,0.7599,0.4825,0.1793,49.0,41.0,11.0,99.0,0.5
326,CatBoost,ADASYN,0.8274,0.6642,0.6667,0.5897,0.7667,0.7714,0.769,0.5056,0.1712,46.0,32.0,14.0,108.0,0.5
326,CatBoost,,0.7933,0.5863,0.4,0.6,0.3,0.9143,0.5237,0.275,0.1964,18.0,12.0,42.0,128.0,0.5
326,Random Forest,SMOTE,0.8199,0.665,0.5794,0.6596,0.5167,0.8857,0.6765,0.4349,0.1568,31.0,16.0,29.0,124.0,0.5
326,Random Forest,BorderlineSMOTE,0.8175,0.6342,0.52,0.65,0.4333,0.9,0.6245,0.3819,0.1582,26.0,14.0,34.0,126.0,0.5
326,Random Forest,SVMSMOTE,0.8251,0.6773,0.6055,0.6735,0.55,0.8857,0.698,0.4643,0.155,33.0,16.0,27.0,124.0,0.5
326,Random Forest,ADASYN,0.8236,0.6783,0.6,0.66,0.55,0.8786,0.6951,0.4536,0.1562,33.0,17.0,27.0,123.0,0.5
326,Random Forest,,0.8308,0.6843,0.6102,0.6207,0.6,0.8429,0.7111,0.4472,0.1589,36.0,22.0,24.0,118.0,0.5
326,Logistic Reg.,SMOTE,0.7908,0.6579,0.6164,0.5233,0.75,0.7071,0.7283,0.4231,0.1906,45.0,41.0,15.0,99.0,0.5
326,Logistic Reg.,BorderlineSMOTE,0.7987,0.6668,0.6309,0.5281,0.7833,0.7,0.7405,0.4457,0.1895,47.0,42.0,13.0,98.0,0.5
326,Logistic Reg.,SVMSMOTE,0.794,0.6564,0.6277,0.5584,0.7167,0.7571,0.7366,0.4462,0.1824,43.0,34.0,17.0,106.0,0.5
326,Logistic Reg.,ADASYN,0.7902,0.6499,0.6069,0.5176,0.7333,0.7071,0.7201,0.4083,0.1917,44.0,41.0,16.0,99.0,0.5
326,Logistic Reg.,,0.7931,0.6597,0.6294,0.5422,0.75,0.7286,0.7392,0.4451,0.1888,45.0,38.0,15.0,102.0,0.5
456,XGBoost,SMOTE,0.7795,0.6316,0.5345,0.5536,0.5167,0.8214,0.6515,0.3451,0.1699,31.0,25.0,29.0,115.0,0.5
456,XGBoost,BorderlineSMOTE,0.7493,0.5048,0.5634,0.4878,0.6667,0.7,0.6831,0.3416,0.2285,40.0,42.0,20.0,98.0,0.5
456,XGBoost,SVMSMOTE,0.7351,0.5339,0.5634,0.4878,0.6667,0.7,0.6831,0.3416,0.2293,40.0,42.0,20.0,98.0,0.5
456,XGBoost,ADASYN,0.7582,0.5637,0.5469,0.5147,0.5833,0.7643,0.6677,0.3363,0.194,35.0,33.0,25.0,107.0,0.5
456,XGBoost,,0.7729,0.6226,0.0,0.0,0.0,1.0,0.0,0.0,0.1882,0.0,0.0,60.0,140.0,0.5
456,LightGBM,SMOTE,0.7593,0.6035,0.5345,0.5536,0.5167,0.8214,0.6515,0.3451,0.1765,31.0,25.0,29.0,115.0,0.5
456,LightGBM,BorderlineSMOTE,0.782,0.657,0.5439,0.5741,0.5167,0.8357,0.6571,0.3637,0.1668,31.0,23.0,29.0,117.0,0.5
456,LightGBM,SVMSMOTE,0.7786,0.6091,0.5405,0.5882,0.5,0.85,0.6519,0.368,0.1691,30.0,21.0,30.0,119.0,0.5
456,LightGBM,ADASYN,0.7617,0.612,0.5263,0.5556,0.5,0.8286,0.6437,0.3392,0.1737,30.0,24.0,30.0,116.0,0.5
456,LightGBM,,0.7929,0.6792,0.5155,0.6757,0.4167,0.9143,0.6172,0.3906,0.1579,25.0,12.0,35.0,128.0,0.5
456,CatBoost,SMOTE,0.734,0.5192,0.5333,0.4444,0.6667,0.6429,0.6547,0.2851,0.2383,40.0,50.0,20.0,90.0,0.5
456,CatBoost,BorderlineSMOTE,0.6917,0.4404,0.5263,0.4348,0.6667,0.6286,0.6473,0.2715,0.2438,40.0,52.0,20.0,88.0,0.5
456,CatBoost,SVMSMOTE,0.7993,0.6479,0.5854,0.5714,0.6,0.8071,0.6959,0.4017,0.1684,36.0,27.0,24.0,113.0,0.5
456,CatBoost,ADASYN,0.745,0.5294,0.5769,0.4688,0.75,0.6357,0.6905,0.3538,0.212,45.0,51.0,15.0,89.0,0.5
456,CatBoost,,0.7875,0.6239,0.4419,0.7308,0.3167,0.95,0.5485,0.3634,0.1723,19.0,7.0,41.0,133.0,0.5
456,Random Forest,SMOTE,0.7746,0.6004,0.5149,0.6341,0.4333,0.8929,0.622,0.3703,0.1695,26.0,15.0,34.0,125.0,0.5
456,Random Forest,BorderlineSMOTE,0.7929,0.6269,0.5385,0.6364,0.4667,0.8857,0.6429,0.3898,0.165,28.0,16.0,32.0,124.0,0.5
456,Random Forest,SVMSMOTE,0.7989,0.629,0.5243,0.6279,0.45,0.8857,0.6313,0.3745,0.1636,27.0,16.0,33.0,124.0,0.5
456,Random Forest,ADASYN,0.7708,0.6071,0.5047,0.5745,0.45,0.8571,0.6211,0.332,0.171,27.0,20.0,33.0,120.0,0.5
456,Random Forest,,0.7879,0.631,0.6116,0.6066,0.6167,0.8286,0.7148,0.4432,0.1696,37.0,24.0,23.0,116.0,0.5
456,Logistic Reg.,SMOTE,0.7864,0.6069,0.6056,0.5244,0.7167,0.7214,0.719,0.4082,0.187,43.0,39.0,17.0,101.0,0.5
456,Logistic Reg.,BorderlineSMOTE,0.7801,0.578,0.6154,0.5301,0.7333,0.7214,0.7274,0.423,0.1929,44.0,39.0,16.0,101.0,0.5
456,Logistic Reg.,SVMSMOTE,0.7864,0.6109,0.6176,0.5526,0.7,0.7571,0.728,0.4316,0.1844,42.0,34.0,18.0,106.0,0.5
456,Logistic Reg.,ADASYN,0.781,0.6093,0.604,0.5056,0.75,0.6857,0.7171,0.4018,0.1957,45.0,44.0,15.0,96.0,0.5
456,Logistic Reg.,,0.786,0.6068,0.5931,0.5059,0.7167,0.7,0.7083,0.3863,0.1909,43.0,42.0,17.0,98.0,0.5
515,XGBoost,SMOTE,0.7919,0.6483,0.595,0.5902,0.6,0.8214,0.702,0.4195,0.1793,36.0,25.0,24.0,115.0,0.5
515,XGBoost,BorderlineSMOTE,0.7863,0.6309,0.5455,0.6,0.5,0.8571,0.6547,0.378,0.1663,30.0,20.0,30.0,120.0,0.5
515,XGBoost,SVMSMOTE,0.775,0.6017,0.5827,0.5522,0.6167,0.7857,0.6961,0.3907,0.2066,37.0,30.0,23.0,110.0,0.5
515,XGBoost,ADASYN,0.7814,0.606,0.55,0.55,0.55,0.8071,0.6663,0.3571,0.1739,33.0,27.0,27.0,113.0,0.5
515,XGBoost,,0.7955,0.6064,0.321,0.619,0.2167,0.9429,0.452,0.2385,0.1674,13.0,8.0,47.0,132.0,0.5
515,LightGBM,SMOTE,0.7869,0.6216,0.6126,0.6667,0.5667,0.8786,0.7056,0.4681,0.1649,34.0,17.0,26.0,123.0,0.5
515,LightGBM,BorderlineSMOTE,0.7764,0.5835,0.5179,0.5577,0.4833,0.8357,0.6356,0.3333,0.1721,29.0,23.0,31.0,117.0,0.5
515,LightGBM,SVMSMOTE,0.772,0.5919,0.5378,0.5424,0.5333,0.8071,0.6561,0.3421,0.1722,32.0,27.0,28.0,113.0,0.5
515,LightGBM,ADASYN,0.768,0.5544,0.5439,0.5741,0.5167,0.8357,0.6571,0.3637,0.173,31.0,23.0,29.0,117.0,0.5
515,LightGBM,,0.7818,0.5674,0.2785,0.5789,0.1833,0.9429,0.4158,0.1972,0.174,11.0,8.0,49.0,132.0,0.5
515,CatBoost,SMOTE,0.8,0.5886,0.6032,0.5758,0.6333,0.8,0.7118,0.4223,0.1655,38.0,28.0,22.0,112.0,0.5
515,CatBoost,BorderlineSMOTE,0.7879,0.575,0.5968,0.5781,0.6167,0.8071,0.7055,0.4163,0.1695,37.0,27.0,23.0,113.0,0.5
515,CatBoost,SVMSMOTE,0.793,0.587,0.626,0.5775,0.6833,0.7857,0.7327,0.4492,0.1791,41.0,30.0,19.0,110.0,0.5
515,CatBoost,ADASYN,0.7826,0.5595,0.6571,0.575,0.7667,0.7571,0.7619,0.49,0.1911,46.0,34.0,14.0,106.0,0.5
515,CatBoost,,0.812,0.6441,0.3377,0.7647,0.2167,0.9714,0.4588,0.3091,0.1963,13.0,4.0,47.0,136.0,0.5
515,Random Forest,SMOTE,0.7937,0.6319,0.54,0.675,0.45,0.9071,0.6389,0.4092,0.1623,27.0,13.0,33.0,127.0,0.5
515,Random Forest,BorderlineSMOTE,0.7926,0.6131,0.5524,0.6444,0.4833,0.8857,0.6543,0.405,0.1638,29.0,16.0,31.0,124.0,0.5
515,Random Forest,SVMSMOTE,0.7919,0.6404,0.5631,0.6744,0.4833,0.9,0.6595,0.4276,0.1621,29.0,14.0,31.0,126.0,0.5
515,Random Forest,ADASYN,0.7889,0.6014,0.5607,0.6383,0.5,0.8786,0.6628,0.4092,0.165,30.0,17.0,30.0,123.0,0.5
515,Random Forest,,0.7918,0.6151,0.5556,0.625,0.5,0.8714,0.6601,0.3985,0.1666,30.0,18.0,30.0,122.0,0.5
515,Logistic Reg.,SMOTE,0.8029,0.5908,0.6618,0.5921,0.75,0.7786,0.7642,0.499,0.1724,45.0,31.0,15.0,109.0,0.5
515,Logistic Reg.,BorderlineSMOTE,0.7963,0.5835,0.6519,0.5867,0.7333,0.7786,0.7556,0.4846,0.1758,44.0,31.0,16.0,109.0,0.5
515,Logistic Reg.,SVMSMOTE,0.8015,0.5952,0.6308,0.5857,0.6833,0.7929,0.7361,0.4575,0.1709,41.0,29.0,19.0,111.0,0.5
515,Logistic Reg.,ADASYN,0.8031,0.5961,0.6714,0.5875,0.7833,0.7643,0.7738,0.5123,0.1759,47.0,33.0,13.0,107.0,0.5
515,Logistic Reg.,,0.8027,0.5946,0.6522,0.5769,0.75,0.7643,0.7571,0.4832,0.1749,45.0,33.0,15.0,107.0,0.5
689,XGBoost,SMOTE,0.7804,0.5918,0.55,0.55,0.55,0.8071,0.6663,0.3571,0.2045,33.0,27.0,27.0,113.0,0.5
689,XGBoost,BorderlineSMOTE,0.7961,0.6366,0.5487,0.5849,0.5167,0.8429,0.6599,0.3733,0.1643,31.0,22.0,29.0,118.0,0.5
689,XGBoost,SVMSMOTE,0.8169,0.6547,0.5833,0.5833,0.5833,0.8214,0.6922,0.4048,0.1586,35.0,25.0,25.0,115.0,0.5
689,XGBoost,ADASYN,0.8057,0.6512,0.5405,0.5882,0.5,0.85,0.6519,0.368,0.1598,30.0,21.0,30.0,119.0,0.5
689,XGBoost,,0.7729,0.5782,0.3721,0.6154,0.2667,0.9286,0.4976,0.266,0.1731,16.0,10.0,44.0,130.0,0.5
689,LightGBM,SMOTE,0.7769,0.6273,0.5472,0.6304,0.4833,0.8786,0.6516,0.3941,0.171,29.0,17.0,31.0,123.0,0.5
689,LightGBM,BorderlineSMOTE,0.7868,0.6386,0.5321,0.5918,0.4833,0.8571,0.6437,0.3628,0.1665,29.0,20.0,31.0,120.0,0.5
689,LightGBM,SVMSMOTE,0.806,0.6665,0.5789,0.6111,0.55,0.85,0.6837,0.4129,0.1591,33.0,21.0,27.0,119.0,0.5
689,LightGBM,ADASYN,0.7837,0.6327,0.5714,0.6154,0.5333,0.8571,0.6761,0.4079,0.167,32.0,20.0,28.0,120.0,0.5
689,LightGBM,,0.7936,0.6481,0.54,0.675,0.45,0.9071,0.6389,0.4092,0.1632,27.0,13.0,33.0,127.0,0.5
689,CatBoost,SMOTE,0.7902,0.6105,0.5739,0.6,0.55,0.8429,0.6809,0.4032,0.169,33.0,22.0,27.0,118.0,0.5
689,CatBoost,BorderlineSMOTE,0.7901,0.6573,0.6379,0.6607,0.6167,0.8643,0.7301,0.4909,0.1645,37.0,19.0,23.0,121.0,0.5
689,CatBoost,SVMSMOTE,0.7514,0.5475,0.5676,0.4773,0.7,0.6714,0.6856,0.3429,0.2208,42.0,46.0,18.0,94.0,0.5
689,CatBoost,ADASYN,0.7768,0.5564,0.5778,0.52,0.65,0.7429,0.6949,0.3719,0.1847,39.0,36.0,21.0,104.0,0.5
689,CatBoost,,0.7373,0.5853,0.4048,0.7083,0.2833,0.95,0.5188,0.329,0.2037,17.0,7.0,43.0,133.0,0.5
689,Random Forest,SMOTE,0.8183,0.634,0.5714,0.6667,0.5,0.8929,0.6682,0.4311,0.16,30.0,15.0,30.0,125.0,0.5
689,Random Forest,BorderlineSMOTE,0.807,0.6341,0.5714,0.6667,0.5,0.8929,0.6682,0.4311,0.1636,30.0,15.0,30.0,125.0,0.5
689,Random Forest,SVMSMOTE,0.8237,0.6629,0.5741,0.6458,0.5167,0.8786,0.6737,0.4241,0.1574,31.0,17.0,29.0,123.0,0.5
689,Random Forest,ADASYN,0.8117,0.6488,0.5556,0.625,0.5,0.8714,0.6601,0.3985,0.1624,30.0,18.0,30.0,122.0,0.5
689,Random Forest,,0.8046,0.6117,0.5882,0.5932,0.5833,0.8286,0.6952,0.4139,0.1695,35.0,24.0,25.0,116.0,0.5
689,Logistic Reg.,SMOTE,0.7964,0.6649,0.6174,0.5169,0.7667,0.6929,0.7288,0.4237,0.1851,46.0,43.0,14.0,97.0,0.5
689,Logistic Reg.,BorderlineSMOTE,0.7844,0.6509,0.6,0.5,0.75,0.6786,0.7134,0.3948,0.196,45.0,45.0,15.0,95.0,0.5
689,Logistic Reg.,SVMSMOTE,0.7963,0.6651,0.6216,0.5227,0.7667,0.7,0.7326,0.4308,0.1856,46.0,42.0,14.0,98.0,0.5
689,Logistic Reg.,ADASYN,0.7896,0.6579,0.6234,0.5106,0.8,0.6714,0.7329,0.4329,0.1952,48.0,46.0,12.0,94.0,0.5
689,Logistic Reg.,,0.7951,0.6628,0.6216,0.5227,0.7667,0.7,0.7326,0.4308,0.1879,46.0,42.0,14.0,98.0,0.5
777,XGBoost,SMOTE,0.7915,0.6656,0.5688,0.6327,0.5167,0.8714,0.671,0.4135,0.1606,31.0,18.0,29.0,122.0,0.5
777,XGBoost,BorderlineSMOTE,0.7769,0.6476,0.5891,0.5507,0.6333,0.7786,0.7022,0.3971,0.1748,38.0,31.0,22.0,109.0,0.5
777,XGBoost,SVMSMOTE,0.8052,0.6897,0.629,0.6094,0.65,0.8214,0.7307,0.4631,0.1621,39.0,25.0,21.0,115.0,0.5
777,XGBoost,ADASYN,0.7907,0.6579,0.5833,0.5833,0.5833,0.8214,0.6922,0.4048,0.169,35.0,25.0,25.0,115.0,0.5
777,XGBoost,,0.8037,0.6664,0.0,0.0,0.0,1.0,0.0,0.0,0.186,0.0,0.0,60.0,140.0,0.5
777,LightGBM,SMOTE,0.782,0.6554,0.5536,0.5962,0.5167,0.85,0.6627,0.3831,0.1647,31.0,21.0,29.0,119.0,0.5
777,LightGBM,BorderlineSMOTE,0.7862,0.6528,0.5273,0.58,0.4833,0.85,0.641,0.3528,0.1637,29.0,21.0,31.0,119.0,0.5
777,LightGBM,SVMSMOTE,0.788,0.6577,0.5739,0.6,0.55,0.8429,0.6809,0.4032,0.164,33.0,22.0,27.0,118.0,0.5
777,LightGBM,ADASYN,0.7923,0.6598,0.5421,0.617,0.4833,0.8714,0.649,0.3834,0.1614,29.0,18.0,31.0,122.0,0.5
777,LightGBM,,0.806,0.7006,0.5361,0.7027,0.4333,0.9214,0.6319,0.4187,0.1535,26.0,11.0,34.0,129.0,0.5
777,CatBoost,SMOTE,0.798,0.6675,0.6522,0.5769,0.75,0.7643,0.7571,0.4832,0.1785,45.0,33.0,15.0,107.0,0.5
777,CatBoost,BorderlineSMOTE,0.7686,0.6048,0.5935,0.4842,0.7667,0.65,0.7059,0.3824,0.2089,46.0,49.0,14.0,91.0,0.5
777,CatBoost,SVMSMOTE,0.8132,0.6891,0.6466,0.589,0.7167,0.7857,0.7504,0.4782,0.1636,43.0,30.0,17.0,110.0,0.5
777,CatBoost,ADASYN,0.7632,0.5956,0.6197,0.5366,0.7333,0.7286,0.7309,0.4304,0.2214,44.0,38.0,16.0,102.0,0.5
777,CatBoost,,0.8019,0.6799,0.4889,0.7333,0.3667,0.9429,0.588,0.3972,0.1587,22.0,8.0,38.0,132.0,0.5
777,Random Forest,SMOTE,0.7885,0.6491,0.5524,0.6444,0.4833,0.8857,0.6543,0.405,0.1639,29.0,16.0,31.0,124.0,0.5
777,Random Forest,BorderlineSMOTE,0.7919,0.637,0.5636,0.62,0.5167,0.8643,0.6682,0.4032,0.1654,31.0,19.0,29.0,121.0,0.5
777,Random Forest,SVMSMOTE,0.7948,0.6618,0.566,0.6522,0.5,0.8857,0.6655,0.42,0.1614,30.0,16.0,30.0,124.0,0.5
777,Random Forest,ADASYN,0.7902,0.631,0.5094,0.587,0.45,0.8643,0.6236,0.3422,0.1656,27.0,19.0,33.0,121.0,0.5
777,Random Forest,,0.816,0.6837,0.6271,0.6379,0.6167,0.85,0.724,0.4713,0.1617,37.0,21.0,23.0,119.0,0.5
777,Logistic Reg.,SMOTE,0.7962,0.6452,0.625,0.5357,0.75,0.7214,0.7356,0.4377,0.1786,45.0,39.0,15.0,101.0,0.5
777,Logistic Reg.,BorderlineSMOTE,0.792,0.6241,0.6351,0.5341,0.7833,0.7071,0.7443,0.4528,0.1864,47.0,41.0,13.0,99.0,0.5
777,Logistic Reg.,SVMSMOTE,0.8015,0.6647,0.6619,0.5823,0.7667,0.7643,0.7655,0.4977,0.173,46.0,33.0,14.0,107.0,0.5
777,Logistic Reg.,ADASYN,0.7951,0.6381,0.6351,0.5341,0.7833,0.7071,0.7443,0.4528,0.1857,47.0,41.0,13.0,99.0,0.5
777,Logistic Reg.,,0.7987,0.6529,0.6483,0.5529,0.7833,0.7286,0.7555,0.4745,0.1799,47.0,38.0,13.0,102.0,0.5
872,XGBoost,SMOTE,0.7862,0.6424,0.5333,0.5333,0.5333,0.8,0.6532,0.3333,0.1778,32.0,28.0,28.0,112.0,0.5
872,XGBoost,BorderlineSMOTE,0.7632,0.6079,0.5417,0.4643,0.65,0.6786,0.6641,0.3051,0.1914,39.0,45.0,21.0,95.0,0.5
872,XGBoost,SVMSMOTE,0.7929,0.6686,0.5882,0.5263,0.6667,0.7429,0.7037,0.3866,0.1807,40.0,36.0,20.0,104.0,0.5
872,XGBoost,ADASYN,0.7979,0.6533,0.5954,0.5493,0.65,0.7714,0.7081,0.4036,0.1652,39.0,32.0,21.0,108.0,0.5
872,XGBoost,,0.7875,0.6215,0.5636,0.62,0.5167,0.8643,0.6682,0.4032,0.1705,31.0,19.0,29.0,121.0,0.5
872,LightGBM,SMOTE,0.7767,0.6361,0.5714,0.5763,0.5667,0.8214,0.6823,0.39,0.1749,34.0,25.0,26.0,115.0,0.5
872,LightGBM,BorderlineSMOTE,0.7825,0.6252,0.5806,0.5625,0.6,0.8,0.6928,0.393,0.17,36.0,28.0,24.0,112.0,0.5
872,LightGBM,SVMSMOTE,0.7799,0.6502,0.5691,0.5556,0.5833,0.8,0.6831,0.3782,0.1762,35.0,28.0,25.0,112.0,0.5
872,LightGBM,ADASYN,0.7795,0.6414,0.5806,0.5625,0.6,0.8,0.6928,0.393,0.1713,36.0,28.0,24.0,112.0,0.5
872,LightGBM,,0.762,0.6021,0.5586,0.6078,0.5167,0.8571,0.6655,0.393,0.176,31.0,20.0,29.0,120.0,0.5
872,CatBoost,SMOTE,0.7449,0.5048,0.5987,0.4845,0.7833,0.6429,0.7096,0.3908,0.2227,47.0,50.0,13.0,90.0,0.5
872,CatBoost,BorderlineSMOTE,0.7792,0.6346,0.6119,0.5541,0.6833,0.7643,0.7227,0.4249,0.1769,41.0,33.0,19.0,107.0,0.5
872,CatBoost,SVMSMOTE,0.7623,0.6053,0.6056,0.5244,0.7167,0.7214,0.719,0.4082,0.1881,43.0,39.0,17.0,101.0,0.5
872,CatBoost,ADASYN,0.7645,0.5809,0.6111,0.5238,0.7333,0.7143,0.7237,0.4156,0.187,44.0,40.0,16.0,100.0,0.5
872,CatBoost,,0.7761,0.6153,0.4468,0.6176,0.35,0.9071,0.5635,0.3137,0.1682,21.0,13.0,39.0,127.0,0.5
872,Random Forest,SMOTE,0.7929,0.676,0.5345,0.5536,0.5167,0.8214,0.6515,0.3451,0.1632,31.0,25.0,29.0,115.0,0.5
872,Random Forest,BorderlineSMOTE,0.7928,0.6596,0.55,0.55,0.55,0.8071,0.6663,0.3571,0.1645,33.0,27.0,27.0,113.0,0.5
872,Random Forest,SVMSMOTE,0.7987,0.6635,0.5455,0.541,0.55,0.8,0.6633,0.3484,0.1614,33.0,28.0,27.0,112.0,0.5
872,Random Forest,ADASYN,0.7917,0.6664,0.576,0.5538,0.6,0.7929,0.6897,0.3844,0.1648,36.0,29.0,24.0,111.0,0.5
872,Random Forest,,0.7857,0.6382,0.5846,0.5429,0.6333,0.7714,0.699,0.3889,0.1706,38.0,32.0,22.0,108.0,0.5
872,Logistic Reg.,SMOTE,0.745,0.5633,0.6104,0.5,0.7833,0.6643,0.7214,0.411,0.2136,47.0,47.0,13.0,93.0,0.5
872,Logistic Reg.,BorderlineSMOTE,0.7477,0.5583,0.5921,0.4891,0.75,0.6643,0.7058,0.3809,0.2129,45.0,47.0,15.0,93.0,0.5
872,Logistic Reg.,SVMSMOTE,0.7507,0.6003,0.5833,0.5,0.7,0.7,0.7,0.3714,0.2087,42.0,42.0,18.0,98.0,0.5
872,Logistic Reg.,ADASYN,0.7485,0.5644,0.5897,0.4792,0.7667,0.6429,0.702,0.3756,0.2148,46.0,50.0,14.0,90.0,0.5
872,Logistic Reg.,,0.7494,0.5618,0.6013,0.4946,0.7667,0.6643,0.7136,0.3959,0.2114,46.0,47.0,14.0,93.0,0.5
999,XGBoost,SMOTE,0.7908,0.6529,0.5424,0.5517,0.5333,0.8143,0.659,0.3511,0.166,32.0,26.0,28.0,114.0,0.5
999,XGBoost,BorderlineSMOTE,0.787,0.6317,0.5565,0.5818,0.5333,0.8357,0.6676,0.3788,0.1675,32.0,23.0,28.0,117.0,0.5
999,XGBoost,SVMSMOTE,0.7936,0.6426,0.5812,0.5965,0.5667,0.8357,0.6882,0.4085,0.165,34.0,23.0,26.0,117.0,0.5
999,XGBoost,ADASYN,0.7421,0.5211,0.3542,0.4722,0.2833,0.8643,0.4949,0.1761,0.2281,17.0,19.0,43.0,121.0,0.5
999,XGBoost,,0.777,0.6459,0.4842,0.6571,0.3833,0.9143,0.592,0.3589,0.1665,23.0,12.0,37.0,128.0,0.5
999,LightGBM,SMOTE,0.7935,0.6798,0.5641,0.5789,0.55,0.8286,0.6751,0.3843,0.1624,33.0,24.0,27.0,116.0,0.5
999,LightGBM,BorderlineSMOTE,0.7794,0.6623,0.5586,0.6078,0.5167,0.8571,0.6655,0.393,0.1684,31.0,20.0,29.0,120.0,0.5
999,LightGBM,SVMSMOTE,0.7814,0.661,0.5714,0.6154,0.5333,0.8571,0.6761,0.4079,0.166,32.0,20.0,28.0,120.0,0.5
999,LightGBM,ADASYN,0.7915,0.6795,0.569,0.5893,0.55,0.8357,0.678,0.3937,0.1613,33.0,23.0,27.0,117.0,0.5
999,LightGBM,,0.7719,0.6328,0.4646,0.5897,0.3833,0.8857,0.5827,0.3112,0.1693,23.0,16.0,37.0,124.0,0.5
999,CatBoost,SMOTE,0.7929,0.6728,0.5902,0.5806,0.6,0.8143,0.699,0.4105,0.1623,36.0,26.0,24.0,114.0,0.5
999,CatBoost,BorderlineSMOTE,0.7967,0.6546,0.5366,0.5238,0.55,0.7857,0.6574,0.3312,0.1639,33.0,30.0,27.0,110.0,0.5
999,CatBoost,SVMSMOTE,0.7901,0.6547,0.5833,0.5833,0.5833,0.8214,0.6922,0.4048,0.1664,35.0,25.0,25.0,115.0,0.5
999,CatBoost,ADASYN,0.7885,0.6272,0.6202,0.5797,0.6667,0.7929,0.727,0.443,0.1727,40.0,29.0,20.0,111.0,0.5
999,CatBoost,,0.7979,0.6341,0.3117,0.7059,0.2,0.9643,0.4392,0.27,0.1811,12.0,5.0,48.0,135.0,0.5
999,Random Forest,SMOTE,0.7904,0.6424,0.5049,0.6047,0.4333,0.8786,0.617,0.3479,0.1625,26.0,17.0,34.0,123.0,0.5
999,Random Forest,BorderlineSMOTE,0.7985,0.6762,0.5636,0.62,0.5167,0.8643,0.6682,0.4032,0.1595,31.0,19.0,29.0,121.0,0.5
999,Random Forest,SVMSMOTE,0.7974,0.6558,0.5234,0.5957,0.4667,0.8643,0.6351,0.3577,0.1602,28.0,19.0,32.0,121.0,0.5
999,Random Forest,ADASYN,0.7866,0.6318,0.5091,0.56,0.4667,0.8429,0.6272,0.3276,0.1651,28.0,22.0,32.0,118.0,0.5
999,Random Forest,,0.7949,0.6474,0.5345,0.5536,0.5167,0.8214,0.6515,0.3451,0.1663,31.0,25.0,29.0,115.0,0.5
999,Logistic Reg.,SMOTE,0.8107,0.6603,0.6143,0.5375,0.7167,0.7357,0.7261,0.4232,0.1759,43.0,37.0,17.0,103.0,0.5
999,Logistic Reg.,BorderlineSMOTE,0.8004,0.6581,0.6383,0.5556,0.75,0.7429,0.7464,0.4601,0.1792,45.0,36.0,15.0,104.0,0.5
999,Logistic Reg.,SVMSMOTE,0.8082,0.6617,0.6222,0.56,0.7,0.7643,0.7314,0.4395,0.172,42.0,33.0,18.0,107.0,0.5
999,Logistic Reg.,ADASYN,0.8057,0.6604,0.6197,0.5366,0.7333,0.7286,0.7309,0.4304,0.1812,44.0,38.0,16.0,102.0,0.5
999,Logistic Reg.,,0.8151,0.6699,0.6241,0.5432,0.7333,0.7357,0.7345,0.4379,0.1758,44.0,37.0,16.0,103.0,0.5
