run_id,seed,cutoff,model,AUROC,AUPRC,F1,Precision,Recall,Specificity,G-Mean,MCC,Brier,TP,FP,FN,TN,threshold
seed_42,42,,XGBoost,0.7842485119047619,0.6056219468997924,0.6223021582733813,0.5474683544303798,0.720833333333033,0.7446428571427242,0.73264138079747,0.43634588388825546,0.17110306699692188,173,143,67,417,0.4
seed_42,42,,LightGBM,0.7864806547619048,0.6148227142333713,0.6106032906764168,0.5439739413680782,0.6958333333330434,0.749999999999866,0.7224091638397795,0.42012596493472665,0.1717006776706087,167,140,73,420,0.38
seed_42,42,,CatBoost,0.7846279761904762,0.5977711826436317,0.6210526315789474,0.5363636363636364,0.7374999999996927,0.7267857142855845,0.7321232575771619,0.43219432142588654,0.1761666186577834,177,153,63,407,0.43
seed_42,42,,Random Forest,0.7988318452380953,0.6308627157384656,0.6382189239332097,0.5752508361204013,0.7166666666663681,0.7732142857141476,0.7444037243066258,0.4640189646862809,0.16408282599521118,172,127,68,433,0.43
seed_42,42,,Logistic Reg.,0.789233630952381,0.609770307728134,0.6193771626297578,0.5295857988165681,0.7458333333330226,0.7160714285713007,0.7308008897612759,0.428521617934697,0.16346038560486817,179,159,61,401,0.3
seed_42,42,,TabNet,0.6895610119047619,0.4752855921006812,0.5425361155698234,0.4412532637075718,0.7041666666663733,0.6178571428570325,0.6596017016060873,0.29540660621629206,0.2473164765083759,169,214,71,346,0.47000000000000003
seed_99,99,,XGBoost,0.7853348214285715,0.6019257197274195,0.6108007448789572,0.5521885521885522,0.6833333333330487,0.7624999999998637,0.7218321596232441,0.42287299645917453,0.17176870458324825,164,133,76,427,0.4
seed_99,99,,LightGBM,0.7862834821428571,0.5841294796362964,0.6130653266331658,0.5126050420168067,0.7624999999996823,0.6892857142855912,0.7249692111686842,0.41648192429090075,0.16612311377987057,183,174,57,386,0.28
seed_99,99,,CatBoost,0.7862574404761905,0.5978254638887155,0.6157112526539278,0.6277056277056277,0.6041666666664149,0.8464285714284202,0.7151111302246135,0.45564237717216627,0.1731560092980043,145,86,95,474,0.55
seed_99,99,,Random Forest,0.7902380952380952,0.617876508782055,0.6112,0.4961038961038961,0.7958333333330018,0.6535714285713118,0.7212031118701021,0.4121761811563257,0.17435058048107435,191,194,49,366,0.4
seed_99,99,,Logistic Reg.,0.7899702380952381,0.5987441233698987,0.6094890510948905,0.5422077922077922,0.6958333333330434,0.748214285714152,0.7215486404088642,0.4181877149685908,0.18567541656278266,167,141,73,419,0.52
seed_99,99,,TabNet,0.5934635416666667,0.3566541535104245,0.4903954802259887,0.3364341085271318,0.90416666666629,0.2357142857142436,0.4616546328153473,0.16218568092280264,0.2812657638124406,217,428,23,132,0.09
seed_123,123,,XGBoost,0.7653422619047618,0.6173041553633943,0.5941278065630398,0.5073746312684366,0.7166666666663681,0.7017857142855889,0.7091871604669173,0.38805686056826605,0.1773775813412923,172,167,68,393,0.35000000000000003
seed_123,123,,LightGBM,0.7745684523809524,0.621568449622914,0.6130841121495327,0.5559322033898305,0.6833333333330487,0.7660714285712917,0.723520658210138,0.4268552302701453,0.17536369870757718,164,131,76,429,0.41000000000000003
seed_123,123,,CatBoost,0.7789732142857142,0.6159230639446664,0.6060606060606061,0.4909560723514212,0.7916666666663369,0.64821428571417,0.7163585993459124,0.40337063861250716,0.17142502058584774,190,197,50,363,0.29
seed_123,123,,Random Forest,0.7847098214285715,0.6190874492274172,0.6135593220338983,0.5171428571428571,0.7541666666663525,0.698214285714161,0.7256513904595491,0.41789162341344344,0.16992518951080327,181,169,59,391,0.4
seed_123,123,,Logistic Reg.,0.7730729166666667,0.5899418582099656,0.5946969696969697,0.5451388888888888,0.6541666666663941,0.7660714285712917,0.7079112888327496,0.40120268361096517,0.1707044720876501,157,131,83,429,0.34
seed_123,123,,TabNet,0.6752455357142857,0.4590563493693981,0.5354558610709117,0.41019955654101997,0.7708333333330122,0.5249999999999062,0.6361505324997843,0.2733667924126958,0.23613888989597207,185,266,55,294,0.33
seed_326,326,,XGBoost,0.7505580357142857,0.5935517222276495,0.5793103448275863,0.49411764705882355,0.6999999999997084,0.692857142857019,0.6964194138589987,0.36417985093770616,0.17997966697406953,168,172,72,388,0.34
seed_326,326,,LightGBM,0.7598437499999999,0.6216181055833158,0.5828343313373253,0.5593869731800766,0.6083333333330799,0.7946428571427152,0.6952752966235392,0.3938804133919505,0.17720107306310495,146,115,94,445,0.44
seed_326,326,,CatBoost,0.7506919642857142,0.572899250234115,0.5799648506151143,0.5015197568389058,0.6874999999997136,0.7071428571427308,0.6972522601508186,0.3675322713208092,0.19548755564723994,165,164,75,396,0.49
seed_326,326,,Random Forest,0.7779910714285715,0.6340581235518231,0.6077348066298343,0.5445544554455446,0.6874999999997136,0.753571428571294,0.719777991565836,0.4166861371154357,0.16580119502026455,165,138,75,422,0.35000000000000003
seed_326,326,,Logistic Reg.,0.7736235119047619,0.6063420105415468,0.6060606060606061,0.5084745762711864,0.7499999999996876,0.6892857142855912,0.7190022849156865,0.4053009802231732,0.17001544488825654,180,174,60,386,0.3
seed_326,326,,TabNet,0.5956659226190477,0.3648152223880946,0.4875283446712018,0.3348909657320872,0.8958333333329601,0.23749999999995758,0.46125959791265053,0.15347665083254908,0.3911677244050149,215,427,25,133,0.24
seed_456,456,,XGBoost,0.7714806547619047,0.604631183638905,0.6035502958579881,0.5730337078651685,0.6374999999997344,0.7964285714284292,0.7125469909314136,0.42169518846988807,0.1753697869876172,153,114,87,446,0.46
seed_456,456,,LightGBM,0.7749627976190476,0.6106524227275223,0.5966101694915255,0.5028571428571429,0.7333333333330279,0.6892857142855912,0.7109684876813386,0.3903987534520327,0.16703516493903428,176,174,64,386,0.28
seed_456,456,,CatBoost,0.7728869047619048,0.6019117385565129,0.6036217303822937,0.5836575875486382,0.6249999999997397,0.8089285714284269,0.7110417407878079,0.4258448549656411,0.17524165402534878,150,107,90,453,0.51
seed_456,456,,Random Forest,0.7897991071428571,0.6177263037234113,0.6209386281588448,0.5477707006369427,0.7166666666663681,0.7464285714284381,0.731396251145819,0.4345972670578339,0.1737522518297138,172,142,68,418,0.46
seed_456,456,,Logistic Reg.,0.7889285714285714,0.6181149986847836,0.6153846153846154,0.5217391304347826,0.7499999999996876,0.7053571428570169,0.7273361376575086,0.4213437361468322,0.16268898676719032,180,165,60,395,0.3
seed_456,456,,TabNet,0.6079761904761906,0.4297838201975175,0.4821648216482165,0.34205933682373474,0.8166666666663265,0.3267857142856559,0.5165994579941419,0.1458200207260871,0.25729678361293723,196,377,44,183,0.06
seed_515,515,,XGBoost,0.7503943452380952,0.5890430966990038,0.5872689938398358,0.5789473684210527,0.5958333333330851,0.8142857142855688,0.6965476088741405,0.4068164748730206,0.18677716804961256,143,104,97,456,0.51
seed_515,515,,LightGBM,0.7826785714285716,0.6283422869816485,0.6245353159851301,0.5637583892617449,0.6999999999997084,0.7678571428570057,0.7331439149305409,0.44345842280459397,0.16220329895467053,168,130,72,430,0.34
seed_515,515,,CatBoost,0.7572321428571428,0.6060174855256606,0.6012024048096193,0.5791505791505791,0.6249999999997397,0.805357142856999,0.7094703759040364,0.4214830706088305,0.1811714839512714,150,109,90,451,0.49
seed_515,515,,Random Forest,0.783921130952381,0.638407389924248,0.6104553119730185,0.5127478753541076,0.7541666666663525,0.692857142857019,0.7228622011866791,0.41256195404078455,0.17396664615181043,181,172,59,388,0.41000000000000003
seed_515,515,,Logistic Reg.,0.7773511904761905,0.6201131242115517,0.6003683241252302,0.5379537953795379,0.6791666666663837,0.749999999999866,0.7137051211807974,0.40543954771960744,0.16558174179481203,163,140,77,420,0.33
seed_515,515,,TabNet,0.5523511904761904,0.3450823176679183,0.4575892857142857,0.3125,0.8541666666663108,0.19464285714282237,0.4077467847526103,0.05821984425048099,0.2627476286891306,205,451,35,109,0.02
seed_689,689,,XGBoost,0.7718824404761904,0.6225301452598244,0.5858585858585859,0.5686274509803921,0.6041666666664149,0.803571428571285,0.6967718933971737,0.40097064834153057,0.1762713924041698,145,110,95,450,0.5
seed_689,689,,LightGBM,0.7745684523809523,0.6151698587316827,0.6040955631399317,0.5115606936416185,0.7374999999996927,0.698214285714161,0.7175883469747674,0.4030282212990587,0.167050037622057,177,169,63,391,0.29
seed_689,689,,CatBoost,0.7800297619047618,0.629142649565035,0.616600790513834,0.5864661654135338,0.6499999999997292,0.803571428571285,0.7227180837443586,0.4411983475135449,0.1687094024506742,156,110,84,450,0.47000000000000003
seed_689,689,,Random Forest,0.7867336309523809,0.6272701810695843,0.6128440366972477,0.5475409836065573,0.6958333333330434,0.753571428571294,0.7241271428743069,0.42401848025168704,0.16732807791618434,167,138,73,422,0.35000000000000003
seed_689,689,,Logistic Reg.,0.781063988095238,0.6140320435056285,0.6196078431372549,0.5851851851851851,0.6583333333330591,0.799999999999857,0.7257180352356921,0.44418231263488567,0.1646138602356313,158,112,82,448,0.37
seed_689,689,,TabNet,0.6317336309523811,0.4204679879411688,0.49712313003452246,0.34340222575516693,0.8999999999996251,0.2624999999999531,0.48605555238044484,0.1816475822612428,0.22744541755887973,216,413,24,147,0.04
seed_777,777,,XGBoost,0.7671800595238095,0.5583687810622022,0.5969125214408233,0.5072886297376094,0.724999999999698,0.698214285714161,0.7114811010438407,0.39188152849845465,0.17222372569210675,174,169,66,391,0.32
seed_777,777,,LightGBM,0.7726636904761904,0.6050630402196708,0.5897920604914934,0.5397923875432526,0.6499999999997292,0.7624999999998637,0.7040063920162266,0.39351764977381826,0.1755966322714261,156,133,84,427,0.42
seed_777,777,,CatBoost,0.7851785714285714,0.6232044798680592,0.6108007448789572,0.5521885521885522,0.6833333333330487,0.7624999999998637,0.7218321596232441,0.42287299645917453,0.16887680942759883,164,133,76,427,0.39
seed_777,777,,Random Forest,0.7869642857142858,0.6009683597359778,0.6078147612156295,0.4656319290465632,0.8749999999996355,0.5696428571427554,0.7060010623219368,0.41087523930036973,0.16744928442188256,210,241,30,319,0.28
seed_777,777,,Logistic Reg.,0.7889136904761905,0.5826385230259986,0.6208112874779541,0.5382262996941896,0.7333333333330279,0.7303571428570124,0.7318437251865451,0.43223841660437556,0.1851252998588039,176,151,64,409,0.5
seed_777,777,,TabNet,0.6346391369047618,0.4113511155917584,0.4956521739130435,0.38,0.7124999999997031,0.5017857142856247,0.5979317029798292,0.19794866372215741,0.25021664795480897,171,279,69,281,0.21
seed_872,872,,XGBoost,0.7795610119047619,0.6085469226972278,0.6230088495575221,0.5415384615384615,0.7333333333330279,0.7339285714284403,0.7336308920117564,0.43598497629687166,0.17127229732408522,176,149,64,411,0.36
seed_872,872,,LightGBM,0.7901860119047619,0.6176485619188306,0.628158844765343,0.554140127388535,0.724999999999698,0.749999999999866,0.7373940601874118,0.44576943330610724,0.17172948263891108,174,140,66,420,0.3
seed_872,872,,CatBoost,0.7833072916666667,0.6235405252211716,0.6219081272084805,0.5398773006134969,0.7333333333330279,0.7321428571427263,0.732737853467693,0.43410934489718034,0.17769935824706437,176,150,64,410,0.47000000000000003
seed_872,872,,Random Forest,0.7981101190476191,0.6330402786204088,0.642023346303502,0.6021897810218978,0.6874999999997136,0.805357142856999,0.7440988077627568,0.4759403612750375,0.16210687719513506,165,109,75,451,0.37
seed_872,872,,Logistic Reg.,0.7943377976190475,0.6317919477899419,0.6214876033057851,0.5150684931506849,0.783333333333007,0.6839285714284492,0.7319453856803312,0.4299014883443243,0.1602601136699096,188,177,52,383,0.26
seed_872,872,,TabNet,0.6602529761904763,0.42723139206359884,0.5212121212121212,0.4095238095238095,0.7166666666663681,0.5571428571427576,0.6318905872739968,0.25126485138204385,0.24025199444739279,172,248,68,312,0.2
seed_999,999,,XGBoost,0.7973437500000001,0.6497287957506053,0.6075471698113207,0.5551724137931034,0.6708333333330538,0.7696428571427196,0.7185416364644612,0.41989237228305387,0.1617827915714856,161,129,79,431,0.34
seed_999,999,,LightGBM,0.7911607142857142,0.6288611489565771,0.6053639846743295,0.5602836879432624,0.6583333333330591,0.7785714285712895,0.7159326251884452,0.41908004176190183,0.16194054949704217,158,124,82,436,0.35000000000000003
seed_999,999,,CatBoost,0.7726116071428571,0.6246377803509207,0.6064030131826742,0.5532646048109966,0.6708333333330538,0.7678571428570057,0.7177075774062581,0.41788083596118764,0.1720125328915185,161,130,79,430,0.43
seed_999,999,,Random Forest,0.7940848214285715,0.6505462292327979,0.616822429906542,0.559322033898305,0.6874999999997136,0.7678571428570057,0.7265685003590312,0.4325089419293526,0.16151242487672776,165,130,75,430,0.35000000000000003
seed_999,999,,Logistic Reg.,0.7789285714285714,0.6025793776193543,0.5953654188948306,0.5202492211838006,0.6958333333330434,0.7249999999998705,0.7102669685874223,0.39344994915270515,0.16655457649904384,167,154,73,406,0.3
seed_999,999,,TabNet,0.6284895833333333,0.40997320987455516,0.49373433583959897,0.35304659498207885,0.8208333333329914,0.35535714285707937,0.5400823900990148,0.17577507067743003,0.2368998920126809,197,361,43,199,0.07
