run_id,seed,cutoff,Model,Strategy,AUROC,AUPRC,F1,Precision,Recall,Specificity,G-Mean,MCC,Brier,TP,FP,FN,TN,threshold
seed_42,42,,XGBoost,SMOTE,0.7554761904761905,0.64148876928074,0.5806451612903226,0.5625,0.599999999999,0.7999999999994286,0.6928203230267261,0.3929526239966879,0.1867560744285583,36,28,24,112,0.5
seed_42,42,,XGBoost,BorderlineSMOTE,0.7515476190476191,0.6116649839879023,0.5984251968503937,0.5671641791044776,0.6333333333322777,0.7928571428565766,0.7086203900126368,0.4137901627847211,0.1879288554191589,38,29,22,111,0.5
seed_42,42,,XGBoost,SVMSMOTE,0.748452380952381,0.6346159286541125,0.5,0.5384615384615384,0.4666666666658888,0.8285714285708368,0.6218252702051807,0.3084462597262206,0.1811677515506744,28,24,32,116,0.5
seed_42,42,,XGBoost,ADASYN,0.7282738095238095,0.5157280415963386,0.5526315789473685,0.4565217391304347,0.6999999999988333,0.6428571428566837,0.6708203932491383,0.3152441624956402,0.2400825172662735,42,50,18,90,0.5
seed_42,42,,XGBoost,,0.7460714285714285,0.6414986430078955,0.5714285714285714,0.7368421052631579,0.4666666666658888,0.9285714285707654,0.6582805886035996,0.461688582985622,0.1703947782516479,28,10,32,130,0.5
seed_42,42,,XGBoost,ClassWeight,0.7536904761904762,0.6486575798811078,0.5517241379310345,0.5714285714285714,0.5333333333324445,0.8285714285708368,0.6647591758702619,0.369367500895876,0.1750914454460144,32,24,28,116,0.5
seed_42,42,,LightGBM,SMOTE,0.7391666666666666,0.6212160342368915,0.5546218487394958,0.559322033898305,0.5499999999990833,0.8142857142851327,0.6692212958775868,0.3660548971515167,0.1831359276719914,33,26,27,114,0.5
seed_42,42,,LightGBM,BorderlineSMOTE,0.7383333333333334,0.620117265115786,0.495575221238938,0.5283018867924528,0.4666666666658888,0.8214285714279848,0.6191391873661533,0.2991431901418617,0.1890293758930256,28,25,32,115,0.5
seed_42,42,,LightGBM,SVMSMOTE,0.74,0.6162109179350056,0.5172413793103449,0.5357142857142857,0.4999999999991666,0.8142857142851327,0.6380774695457345,0.3207665139358924,0.183582293786211,30,26,30,114,0.5
seed_42,42,,LightGBM,ADASYN,0.7086904761904761,0.5690715377459246,0.5254237288135594,0.5344827586206896,0.5166666666658055,0.8071428571422807,0.6457738067797553,0.3270175737417305,0.199330682151814,31,27,29,113,0.5
seed_42,42,,LightGBM,,0.7395238095238096,0.6398299921475256,0.5148514851485149,0.6341463414634146,0.4333333333326111,0.8928571428565052,0.6220166894094086,0.3702716226161387,0.1731614047587086,26,15,34,125,0.5
seed_42,42,,LightGBM,ClassWeight,0.7427380952380952,0.6357467470811375,0.544,0.5230769230769231,0.5666666666657222,0.7785714285708725,0.6642217071049589,0.3377806696103959,0.1857835987198832,34,31,26,109,0.5
seed_42,42,,CatBoost,SMOTE,0.7416666666666666,0.6350432660659685,0.5357142857142857,0.5769230769230769,0.4999999999991666,0.8428571428565409,0.649175300999328,0.3581956564562562,0.1830494281803627,30,22,30,118,0.5
seed_42,42,,CatBoost,BorderlineSMOTE,0.745,0.6158755960667296,0.5581395348837209,0.5217391304347826,0.599999999999,0.7642857142851684,0.6771790225415557,0.3511733821042192,0.1855025727280912,36,33,24,107,0.5
seed_42,42,,CatBoost,SVMSMOTE,0.7414285714285715,0.6395107990930233,0.5344827586206896,0.5535714285714286,0.5166666666658055,0.8214285714279848,0.6514635537800648,0.3450670074158842,0.1789525235618005,31,25,29,115,0.5
seed_42,42,,CatBoost,ADASYN,0.7376190476190476,0.6114671761763932,0.5714285714285714,0.5454545454545454,0.599999999999,0.7857142857137246,0.6866065623247778,0.3759075082241516,0.188661553904505,36,30,24,110,0.5
seed_42,42,,CatBoost,,0.7826190476190475,0.6802262303951344,0.5161290322580645,0.7272727272727273,0.3999999999993333,0.9357142857136176,0.6117889458668104,0.4144711057900183,0.1614229237657144,24,9,36,131,0.5
seed_42,42,,CatBoost,ClassWeight,0.741547619047619,0.6088012090754201,0.535031847133758,0.4329896907216495,0.6999999999988333,0.6071428571424236,0.6519202405194888,0.2816278394598447,0.208906665933092,42,55,18,85,0.5
seed_42,42,,Random Forest,SMOTE,0.7673214285714287,0.6105389789854855,0.5391304347826087,0.5636363636363636,0.5166666666658055,0.8285714285708368,0.6542898731405055,0.3543178312491844,0.1723913888888888,31,24,29,116,0.5
seed_42,42,,Random Forest,BorderlineSMOTE,0.7653571428571428,0.6108995182836797,0.5405405405405406,0.5882352941176471,0.4999999999991666,0.8499999999993929,0.6519202405194888,0.3679844484260963,0.1725755555555555,30,21,30,119,0.5
seed_42,42,,Random Forest,SVMSMOTE,0.7608333333333334,0.6254354831731679,0.4909090909090909,0.54,0.44999999999925,0.8357142857136889,0.6132466294815921,0.3023715784073817,0.1711974444444444,27,23,33,117,0.5
seed_42,42,,Random Forest,ADASYN,0.7691071428571429,0.6047370904682009,0.5614035087719298,0.5925925925925926,0.5333333333324445,0.8428571428565409,0.6704653678772224,0.3883060273455655,0.1732461111111111,32,22,28,118,0.5
seed_42,42,,Random Forest,,0.783690476190476,0.6833779807124339,0.5161290322580645,0.7272727272727273,0.3999999999993333,0.9357142857136176,0.6117889458668104,0.4144711057900183,0.1607307777777777,24,9,36,131,0.5
seed_42,42,,Random Forest,ClassWeight,0.7838690476190476,0.6782291305545647,0.576271186440678,0.5862068965517241,0.5666666666657222,0.8285714285708368,0.685218074427909,0.3991538032435829,0.1703905555555555,34,24,26,116,0.5
seed_42,42,,Logistic Reg.,SMOTE,0.6955952380952382,0.5564005545199913,0.4925373134328358,0.4459459459459459,0.5499999999990833,0.7071428571423521,0.6236413804644826,0.2440691989077854,0.2214892354482567,33,41,27,99,0.5
seed_42,42,,Logistic Reg.,BorderlineSMOTE,0.6998809523809524,0.5621985040304205,0.5074626865671642,0.4594594594594595,0.5666666666657222,0.7142857142852042,0.6362090102795944,0.2666681988066545,0.2214603335655053,34,40,26,100,0.5
seed_42,42,,Logistic Reg.,SVMSMOTE,0.706547619047619,0.5605551967584923,0.4961240310077519,0.463768115942029,0.5333333333324445,0.7357142857137603,0.6264031867575534,0.2593633475671684,0.2149422418467489,32,37,28,103,0.5
seed_42,42,,Logistic Reg.,ADASYN,0.6817857142857143,0.5220950595794676,0.4925373134328358,0.4459459459459459,0.5499999999990833,0.7071428571423521,0.6236413804644826,0.2440691989077854,0.229840077781789,33,41,27,99,0.5
seed_42,42,,Logistic Reg.,,0.7323809523809524,0.5707092125629853,0.5094339622641509,0.5869565217391305,0.44999999999925,0.864285714285097,0.6236413804644826,0.3422354612162959,0.1832363359888803,27,19,33,121,0.5
seed_42,42,,Logistic Reg.,ClassWeight,0.7327380952380952,0.5684992823381502,0.5492957746478874,0.4756097560975609,0.6499999999989167,0.692857142856648,0.6710865390216605,0.3194514876128298,0.2111648419259445,39,43,21,97,0.5
seed_99,99,,XGBoost,SMOTE,0.7773809523809524,0.6799945853215568,0.5961538461538461,0.7045454545454546,0.5166666666658055,0.9071428571422092,0.6846097254563072,0.4688368264204187,0.1576450318098068,31,13,29,127,0.5
seed_99,99,,XGBoost,BorderlineSMOTE,0.7667857142857143,0.6734774825747832,0.5794392523364486,0.6595744680851063,0.5166666666658055,0.8857142857136532,0.6764754597307711,0.4348929955085856,0.1627960950136184,31,16,29,124,0.5
seed_99,99,,XGBoost,SVMSMOTE,0.768690476190476,0.6343112753930649,0.5471698113207547,0.6304347826086957,0.4833333333325277,0.8785714285708011,0.6516462668824599,0.3940893189763407,0.1664194911718368,29,17,31,123,0.5
seed_99,99,,XGBoost,ADASYN,0.761904761904762,0.651329247136778,0.5765765765765766,0.6274509803921569,0.5333333333324445,0.864285714285097,0.6789347398323963,0.4180503597765856,0.1676051765680313,32,19,28,121,0.5
seed_99,99,,XGBoost,,0.7871428571428571,0.6690200247609692,0.419753086419753,0.8095238095238095,0.2833333333328611,0.9714285714278776,0.524631389870488,0.3808359758307482,0.1636218875646591,17,4,43,136,0.5
seed_99,99,,XGBoost,ClassWeight,0.799047619047619,0.6877281808984572,0.6178861788617886,0.6031746031746031,0.6333333333322777,0.8214285714279848,0.7212753255427893,0.4486350100971195,0.1640190929174423,38,25,22,115,0.5
seed_99,99,,LightGBM,SMOTE,0.7767857142857143,0.6849252113647483,0.5981308411214953,0.6808510638297872,0.5333333333324445,0.8928571428565052,0.6900655593415328,0.4606263088522889,0.1597410608874566,32,15,28,125,0.5
seed_99,99,,LightGBM,BorderlineSMOTE,0.7561904761904761,0.6388725090782535,0.5242718446601942,0.627906976744186,0.44999999999925,0.8857142857136532,0.63132513697023,0.3744772262316113,0.1729582277128561,27,16,33,124,0.5
seed_99,99,,LightGBM,SVMSMOTE,0.7670238095238096,0.6191562078984223,0.5333333333333333,0.6222222222222222,0.4666666666658888,0.8785714285708011,0.6403124237425226,0.3788665374736499,0.1676917962696256,28,17,32,123,0.5
seed_99,99,,LightGBM,ADASYN,0.7611904761904763,0.6400941229625289,0.5405405405405406,0.5882352941176471,0.4999999999991666,0.8499999999993929,0.6519202405194888,0.3679844484260963,0.171387641424582,30,21,30,119,0.5
seed_99,99,,LightGBM,,0.7853571428571429,0.6690622997548545,0.5111111111111111,0.7666666666666667,0.3833333333326944,0.9499999999993216,0.603462233007004,0.4277926319464986,0.1604171705140532,23,7,37,133,0.5
seed_99,99,,LightGBM,ClassWeight,0.7772619047619047,0.6575107321721835,0.5714285714285714,0.6153846153846154,0.5333333333324445,0.857142857142245,0.6761234037820084,0.4079450531862917,0.1662132617921102,32,20,28,120,0.5
seed_99,99,,CatBoost,SMOTE,0.7579761904761905,0.6558151802290868,0.5576923076923077,0.6590909090909091,0.4833333333325277,0.8928571428565052,0.6569228410145225,0.4161585313170008,0.1667943863641484,29,15,31,125,0.5
seed_99,99,,CatBoost,BorderlineSMOTE,0.7461904761904762,0.6082036873503147,0.6037735849056604,0.6956521739130435,0.5333333333324445,0.8999999999993572,0.6928203230267262,0.471870105616408,0.1732759239696149,32,14,28,126,0.5
seed_99,99,,CatBoost,SVMSMOTE,0.7646428571428571,0.6384566558594688,0.5794392523364486,0.6595744680851063,0.5166666666658055,0.8857142857136532,0.6764754597307711,0.4348929955085856,0.1642811750174557,31,16,29,124,0.5
seed_99,99,,CatBoost,ADASYN,0.7696428571428572,0.6513478003855204,0.6153846153846154,0.631578947368421,0.599999999999,0.8499999999993929,0.7141428428534349,0.4568216838015835,0.1663243738809475,36,21,24,119,0.5
seed_99,99,,CatBoost,,0.7852380952380953,0.6606709788580531,0.425,0.85,0.2833333333328611,0.9785714285707297,0.5265566491473113,0.4000661320993193,0.1714541140381825,17,3,43,137,0.5
seed_99,99,,CatBoost,ClassWeight,0.7810714285714285,0.6293037977810513,0.5909090909090909,0.5416666666666666,0.6499999999989167,0.7642857142851684,0.7048302733882331,0.3955199260527361,0.1767493110099035,39,33,21,107,0.5
seed_99,99,,Random Forest,SMOTE,0.7758928571428572,0.6747852711468362,0.5882352941176471,0.7142857142857143,0.4999999999991666,0.9142857142850612,0.6761234037820084,0.4661078446693527,0.1613000555555555,30,12,30,128,0.5
seed_99,99,,Random Forest,BorderlineSMOTE,0.7820833333333332,0.6689737347137809,0.5544554455445545,0.6829268292682927,0.4666666666658888,0.9071428571422092,0.6506407098639966,0.4243258740929473,0.162189,28,13,32,127,0.5
seed_99,99,,Random Forest,SVMSMOTE,0.7682142857142857,0.6285255525771944,0.5102040816326531,0.6578947368421053,0.4166666666659722,0.9071428571422092,0.6147976825552375,0.3782508872653289,0.1642524444444444,25,13,35,127,0.5
seed_99,99,,Random Forest,ADASYN,0.7764880952380951,0.6580181304229336,0.5794392523364486,0.6595744680851063,0.5166666666658055,0.8857142857136532,0.6764754597307711,0.4348929955085856,0.1626166111111111,31,16,29,124,0.5
seed_99,99,,Random Forest,,0.7733928571428572,0.630941053938388,0.4888888888888889,0.7333333333333333,0.3666666666660555,0.9428571428564696,0.5879747322066337,0.3972360153788916,0.1644855555555555,22,8,38,132,0.5
seed_99,99,,Random Forest,ClassWeight,0.7897619047619047,0.6382507236812853,0.6140350877192983,0.6481481481481481,0.5833333333323611,0.864285714285097,0.7100469468038478,0.4620350198795336,0.1620325,35,19,25,121,0.5
seed_99,99,,Logistic Reg.,SMOTE,0.746547619047619,0.6378842089534531,0.5409836065573771,0.532258064516129,0.5499999999990833,0.7928571428565766,0.6603570462790492,0.339717138103243,0.1878262684084232,33,29,27,111,0.5
seed_99,99,,Logistic Reg.,BorderlineSMOTE,0.734761904761905,0.611268714114401,0.5619834710743802,0.5573770491803278,0.5666666666657222,0.8071428571422807,0.6762994546647686,0.3720640313763573,0.191066078715533,34,27,26,113,0.5
seed_99,99,,Logistic Reg.,SVMSMOTE,0.7345238095238095,0.6296606296937478,0.5517241379310345,0.5714285714285714,0.5333333333324445,0.8285714285708368,0.6647591758702619,0.369367500895876,0.1878169195837268,32,24,28,116,0.5
seed_99,99,,Logistic Reg.,ADASYN,0.7338095238095239,0.6299699306508729,0.5365853658536586,0.5238095238095238,0.5499999999990833,0.7857142857137246,0.657375735133134,0.3311912901764076,0.1930527262471354,33,30,27,110,0.5
seed_99,99,,Logistic Reg.,,0.7629761904761905,0.6586038636503422,0.5154639175257731,0.6756756756756757,0.4166666666659722,0.9142857142850612,0.6172133998476329,0.3905804384930805,0.167041593867509,25,12,35,128,0.5
seed_99,99,,Logistic Reg.,ClassWeight,0.7657142857142857,0.6596165055151504,0.5384615384615384,0.5,0.5833333333323611,0.7499999999994643,0.6614378277653603,0.3202563076101742,0.1862652378614548,35,35,25,105,0.5
seed_123,123,,XGBoost,SMOTE,0.7754761904761905,0.626562291068392,0.6229508196721312,0.6129032258064516,0.6333333333322777,0.8285714285708368,0.7244045173524634,0.4576744777224246,0.1735135316848755,38,24,22,116,0.5
seed_123,123,,XGBoost,BorderlineSMOTE,0.7707142857142858,0.6176764724785802,0.5486725663716814,0.5849056603773585,0.5166666666658055,0.8428571428565409,0.6599061982396844,0.3733109232348853,0.1711572706699371,31,22,29,118,0.5
seed_123,123,,XGBoost,SVMSMOTE,0.7573809523809525,0.5997152871158878,0.5178571428571429,0.5576923076923077,0.4833333333325277,0.8357142857136889,0.6355537518004356,0.3333209580912384,0.2047710865736007,29,23,31,117,0.5
seed_123,123,,XGBoost,ADASYN,0.7804761904761905,0.6411346291689606,0.5882352941176471,0.5932203389830508,0.5833333333323611,0.8285714285708368,0.6952217871529794,0.4139052105046562,0.1743058264255523,35,24,25,116,0.5
seed_123,123,,XGBoost,,0.7757142857142857,0.5960864085923763,0.5102040816326531,0.6578947368421053,0.4166666666659722,0.9071428571422092,0.6147976825552375,0.3782508872653289,0.1658428311347961,25,13,35,127,0.5
seed_123,123,,XGBoost,ClassWeight,0.7642261904761906,0.5806057991069514,0.6461538461538462,0.6,0.6999999999988333,0.7999999999994286,0.7483314773538974,0.4803844614152614,0.2237224727869033,42,28,18,112,0.5
seed_123,123,,LightGBM,SMOTE,0.7760714285714285,0.6281259616501358,0.5833333333333334,0.5833333333333334,0.5833333333323611,0.8214285714279848,0.6922186552423489,0.4047619047619047,0.1770861425004758,35,25,25,115,0.5
seed_123,123,,LightGBM,BorderlineSMOTE,0.7642857142857143,0.6065599290054808,0.5833333333333334,0.5833333333333334,0.5833333333323611,0.8214285714279848,0.6922186552423489,0.4047619047619047,0.1841477030295114,35,25,25,115,0.5
seed_123,123,,LightGBM,SVMSMOTE,0.7783333333333333,0.6158888780741495,0.5811965811965812,0.5964912280701754,0.5666666666657222,0.8357142857136889,0.6881652625425821,0.408480764880781,0.1703002839367898,34,23,26,117,0.5
seed_123,123,,LightGBM,ADASYN,0.7741666666666667,0.6088686301730752,0.5714285714285714,0.576271186440678,0.5666666666657222,0.8214285714279848,0.6822581553012629,0.3899800538280864,0.1800140228819934,34,25,26,115,0.5
seed_123,123,,LightGBM,,0.7892857142857143,0.6223496141263252,0.5490196078431373,0.6666666666666666,0.4666666666658888,0.8999999999993572,0.6480740698400145,0.4125322303395421,0.1606240608182135,28,14,32,126,0.5
seed_123,123,,LightGBM,ClassWeight,0.7984523809523809,0.6138718660176006,0.64,0.6153846153846154,0.6666666666655555,0.8214285714279848,0.740012869900074,0.4775519811733184,0.1658777860164591,40,25,20,115,0.5
seed_123,123,,CatBoost,SMOTE,0.7957142857142858,0.6430992686964774,0.5862068965517241,0.6071428571428571,0.5666666666657222,0.8428571428565409,0.6910998825190976,0.4179684878558597,0.165696318385962,34,22,26,118,0.5
seed_123,123,,CatBoost,BorderlineSMOTE,0.7810714285714285,0.6373692254976066,0.5811965811965812,0.5964912280701754,0.5666666666657222,0.8357142857136889,0.6881652625425821,0.408480764880781,0.1736536642017165,34,23,26,117,0.5
seed_123,123,,CatBoost,SVMSMOTE,0.7908333333333334,0.6529141603907518,0.5585585585585585,0.6078431372549019,0.5166666666658055,0.857142857142245,0.6654751256479001,0.3930174041013409,0.1672662985729127,31,20,29,120,0.5
seed_123,123,,CatBoost,ADASYN,0.7921428571428573,0.6464613527344951,0.6101694915254238,0.6206896551724138,0.599999999999,0.8428571428565409,0.7111359122650759,0.4472446229114845,0.1682656709648361,36,22,24,118,0.5
seed_123,123,,CatBoost,,0.7739285714285715,0.6243954089615056,0.4782608695652174,0.6875,0.3666666666660555,0.9285714285707654,0.5835033765758171,0.369047619047619,0.1659173015704738,22,10,38,130,0.5
seed_123,123,,CatBoost,ClassWeight,0.7932142857142856,0.6377532211559761,0.6222222222222222,0.56,0.6999999999988333,0.7642857142851684,0.731436941915519,0.4394802124588286,0.1723239308640755,42,33,18,107,0.5
seed_123,123,,Random Forest,SMOTE,0.7824404761904762,0.6392225112960553,0.5663716814159292,0.6037735849056604,0.5333333333324445,0.8499999999993929,0.673300329223337,0.3980335009325598,0.1657335555555555,32,21,28,119,0.5
seed_123,123,,Random Forest,BorderlineSMOTE,0.7663095238095239,0.6214272863322695,0.5535714285714286,0.5961538461538461,0.5166666666658055,0.8499999999993929,0.6626965117349125,0.383070354821274,0.1707875555555555,31,21,29,119,0.5
seed_123,123,,Random Forest,SVMSMOTE,0.7744642857142858,0.6211095370697314,0.5420560747663551,0.6170212765957447,0.4833333333325277,0.871428571427949,0.648991892237086,0.383426368821179,0.1669625555555555,29,18,31,122,0.5
seed_123,123,,Random Forest,ADASYN,0.7814285714285715,0.6278294697819019,0.576271186440678,0.5862068965517241,0.5666666666657222,0.8285714285708368,0.685218074427909,0.3991538032435829,0.1684723888888888,34,24,26,116,0.5
seed_123,123,,Random Forest,,0.7620833333333333,0.5953941418338592,0.4583333333333333,0.6111111111111112,0.3666666666660555,0.8999999999993572,0.5744562646531189,0.3180791490757986,0.1717456666666666,22,14,38,126,0.5
seed_123,123,,Random Forest,ClassWeight,0.7818452380952381,0.6005879030166708,0.5645161290322581,0.546875,0.5833333333323611,0.7928571428565766,0.6800735254359627,0.3695625868540279,0.1711867222222222,35,29,25,111,0.5
seed_123,123,,Logistic Reg.,SMOTE,0.7450000000000001,0.5893761031281446,0.5801526717557252,0.5352112676056338,0.6333333333322777,0.7642857142851684,0.6957353081786682,0.3807875971341444,0.1958658761647839,38,33,22,107,0.5
seed_123,123,,Logistic Reg.,BorderlineSMOTE,0.7394047619047619,0.5844843300070167,0.5777777777777777,0.52,0.6499999999989167,0.7428571428566123,0.6948792289714761,0.3718678720805473,0.2006903580465197,39,36,21,104,0.5
seed_123,123,,Logistic Reg.,SVMSMOTE,0.7501190476190477,0.5883421987759119,0.5528455284552846,0.5396825396825397,0.5666666666657222,0.7928571428565766,0.6702877846750935,0.35468003416055,0.1864011017043627,34,29,26,111,0.5
seed_123,123,,Logistic Reg.,ADASYN,0.741547619047619,0.5874935218930492,0.5714285714285714,0.5205479452054794,0.6333333333322777,0.7499999999994643,0.6892024376036906,0.3648824187603017,0.2022260519850778,38,35,22,105,0.5
seed_123,123,,Logistic Reg.,,0.7546428571428572,0.5794679934622102,0.5094339622641509,0.5869565217391305,0.44999999999925,0.864285714285097,0.6236413804644826,0.3422354612162959,0.1771245272928953,27,19,33,121,0.5
seed_123,123,,Logistic Reg.,ClassWeight,0.7570238095238095,0.5790627149919007,0.5942028985507246,0.5256410256410257,0.6833333333321944,0.7357142857137603,0.7090402634807831,0.3937094180061964,0.2006766656185838,41,37,19,103,0.5
seed_326,326,,XGBoost,SMOTE,0.7826190476190477,0.6120371657463265,0.5737704918032787,0.5645161290322581,0.5833333333323611,0.8071428571422807,0.6861729616738133,0.3869000739509156,0.1728160828351974,35,27,25,113,0.5
seed_326,326,,XGBoost,BorderlineSMOTE,0.7942857142857144,0.6453059892117488,0.6,0.6,0.599999999999,0.8285714285708368,0.7050835816707645,0.4285714285714285,0.16396364569664,36,24,24,116,0.5
seed_326,326,,XGBoost,SVMSMOTE,0.7789285714285714,0.5773176377212079,0.5641025641025641,0.5789473684210527,0.5499999999990833,0.8285714285708368,0.6750661343255198,0.3843103054203798,0.1809585243463516,33,24,27,116,0.5
seed_326,326,,XGBoost,ADASYN,0.78,0.5957854350150991,0.59375,0.5588235294117647,0.6333333333322777,0.7857142857137246,0.7054211845542085,0.4053793280700402,0.1780565679073333,38,30,22,110,0.5
seed_326,326,,XGBoost,,0.7972619047619047,0.6440172734877495,0.2816901408450704,0.9090909090909092,0.1666666666663888,0.9928571428564338,0.406787647889899,0.3206549220112724,0.1719550341367721,10,1,50,139,0.5
seed_326,326,,XGBoost,ClassWeight,0.7929761904761906,0.5818376155509,0.6060606060606061,0.5555555555555556,0.6666666666655555,0.7714285714280205,0.7171371655997825,0.418250956285652,0.2024514526128769,40,32,20,108,0.5
seed_326,326,,LightGBM,SMOTE,0.7830952380952382,0.6210907291711405,0.5645161290322581,0.546875,0.5833333333323611,0.7928571428565766,0.6800735254359627,0.3695625868540279,0.1756311914526377,35,29,25,111,0.5
seed_326,326,,LightGBM,BorderlineSMOTE,0.7708333333333334,0.628983031602941,0.5862068965517241,0.6071428571428571,0.5666666666657222,0.8428571428565409,0.6910998825190976,0.4179684878558597,0.1765341329640259,34,22,26,118,0.5
seed_326,326,,LightGBM,SVMSMOTE,0.7722619047619047,0.6212632171229847,0.559322033898305,0.5689655172413793,0.5499999999990833,0.8214285714279848,0.672150068276898,0.3751083934096321,0.1742654198611977,33,25,27,115,0.5
seed_326,326,,LightGBM,ADASYN,0.7721428571428571,0.6042065386428559,0.5882352941176471,0.5932203389830508,0.5833333333323611,0.8285714285708368,0.6952217871529794,0.4139052105046562,0.1834635911570477,35,24,25,116,0.5
seed_326,326,,LightGBM,,0.8117857142857142,0.6388347649021864,0.5625,0.75,0.44999999999925,0.9357142857136176,0.648900168416087,0.4600787691989229,0.1562676907793526,27,9,33,131,0.5
seed_326,326,,LightGBM,ClassWeight,0.8148809523809525,0.6439479879836436,0.656,0.6307692307692307,0.6833333333321944,0.8285714285708368,0.7524562952020059,0.5008471997671388,0.1715340931546528,41,24,19,116,0.5
seed_326,326,,CatBoost,SMOTE,0.8048809523809524,0.6513888288195236,0.6212121212121212,0.5694444444444444,0.6833333333321944,0.7785714285708725,0.7293996226503978,0.4409819865185679,0.1657668722468603,41,31,19,109,0.5
seed_326,326,,CatBoost,BorderlineSMOTE,0.7922619047619048,0.6665205379363028,0.64,0.6153846153846154,0.6666666666655555,0.8214285714279848,0.740012869900074,0.4775519811733184,0.1636355874822822,40,25,20,115,0.5
seed_326,326,,CatBoost,SVMSMOTE,0.805595238095238,0.6480512037102811,0.6031746031746031,0.5757575757575758,0.6333333333322777,0.7999999999994286,0.71180521680124,0.4223158425728122,0.1613799931397961,38,28,22,112,0.5
seed_326,326,,CatBoost,ADASYN,0.8008333333333334,0.632530344109933,0.6423357664233577,0.5714285714285714,0.733333333332111,0.7642857142851684,0.7486495778899872,0.4686393159701634,0.1718345148017198,44,33,16,107,0.5
seed_326,326,,CatBoost,,0.8288095238095239,0.6893359749764317,0.5208333333333334,0.6944444444444444,0.4166666666659722,0.9214285714279132,0.619619699031315,0.4032789211496732,0.1516123616704773,25,11,35,129,0.5
seed_326,326,,CatBoost,ClassWeight,0.8332142857142857,0.6863490122233278,0.6524822695035462,0.5679012345679012,0.7666666666653889,0.7499999999994643,0.7582875444042523,0.4823186956096478,0.1647793511995774,46,35,14,105,0.5
seed_326,326,,Random Forest,SMOTE,0.8042857142857143,0.6146709295548669,0.5309734513274337,0.5660377358490566,0.4999999999991666,0.8357142857136889,0.6464187055277315,0.3485883455372108,0.1644663888888888,30,23,30,117,0.5
seed_326,326,,Random Forest,BorderlineSMOTE,0.8007142857142857,0.592149071672022,0.5585585585585585,0.6078431372549019,0.5166666666658055,0.857142857142245,0.6654751256479001,0.3930174041013409,0.1639433333333333,31,20,29,120,0.5
seed_326,326,,Random Forest,SVMSMOTE,0.7982142857142858,0.5989212265369617,0.5471698113207547,0.6304347826086957,0.4833333333325277,0.8785714285708011,0.6516462668824599,0.3940893189763407,0.1634330555555555,29,17,31,123,0.5
seed_326,326,,Random Forest,ADASYN,0.7938095238095239,0.6180311618758362,0.5391304347826087,0.5636363636363636,0.5166666666658055,0.8285714285708368,0.6542898731405055,0.3543178312491844,0.1675604444444444,31,24,29,116,0.5
seed_326,326,,Random Forest,,0.8079166666666666,0.635862036223222,0.4791666666666667,0.6388888888888888,0.3833333333326944,0.9071428571422092,0.5896932212916028,0.3464790731004235,0.1582604444444444,23,13,37,127,0.5
seed_326,326,,Random Forest,ClassWeight,0.8168452380952381,0.6218111565036551,0.5882352941176471,0.5932203389830508,0.5833333333323611,0.8285714285708368,0.6952217871529794,0.4139052105046562,0.1630734999999999,35,24,25,116,0.5
seed_326,326,,Logistic Reg.,SMOTE,0.7665476190476189,0.598712833545671,0.5757575757575758,0.5277777777777778,0.6333333333322777,0.7571428571423164,0.6924765768765524,0.3727888958198203,0.18986678720738,38,34,22,106,0.5
seed_326,326,,Logistic Reg.,BorderlineSMOTE,0.7536904761904762,0.5907235921215411,0.5671641791044776,0.5135135135135135,0.6333333333322777,0.7428571428566123,0.6859126697146439,0.3570641984021305,0.1954208701912583,38,36,22,104,0.5
seed_326,326,,Logistic Reg.,SVMSMOTE,0.7649999999999999,0.6013759512712838,0.5692307692307692,0.5285714285714286,0.6166666666656389,0.7642857142851684,0.6865198641032914,0.366007208697342,0.1860021426964414,37,33,23,107,0.5
seed_326,326,,Logistic Reg.,ADASYN,0.7644047619047619,0.5946904732935508,0.583941605839416,0.5194805194805194,0.6666666666655555,0.7357142857137603,0.7003400534561927,0.3789475808562565,0.1948367245520155,40,37,20,103,0.5
seed_326,326,,Logistic Reg.,,0.8007142857142857,0.6211390551173475,0.5892857142857143,0.6346153846153846,0.5499999999990833,0.864285714285097,0.6894614875799888,0.4328197515513096,0.1588200433146858,33,19,27,121,0.5
seed_326,326,,Logistic Reg.,ClassWeight,0.8029761904761904,0.6243539014493429,0.6338028169014085,0.5487804878048781,0.74999999999875,0.7357142857137603,0.7428228014031345,0.4525562741181755,0.18548672872375,45,37,15,103,0.5
seed_456,456,,XGBoost,SMOTE,0.7507142857142857,0.5984487549536625,0.5087719298245614,0.5370370370370371,0.4833333333325277,0.8214285714279848,0.6300982538643194,0.3145770348115974,0.182667389512062,29,25,31,115,0.5
seed_456,456,,XGBoost,BorderlineSMOTE,0.7751190476190477,0.6263706577572502,0.5739130434782609,0.6,0.5499999999990833,0.8428571428565409,0.6808607997016166,0.403189256249072,0.1748639345169067,33,22,27,118,0.5
seed_456,456,,XGBoost,SVMSMOTE,0.7682142857142856,0.6133086692303611,0.5454545454545454,0.6,0.4999999999991666,0.857142857142245,0.6546536707071978,0.3779644730092272,0.1764967292547226,30,20,30,120,0.5
seed_456,456,,XGBoost,ADASYN,0.7770238095238096,0.6209974860642555,0.6115702479338843,0.6065573770491803,0.6166666666656389,0.8285714285708368,0.7148093318858983,0.4431590692189733,0.1701692640781402,37,24,23,116,0.5
seed_456,456,,XGBoost,,0.7682142857142857,0.629786291909567,0.208955223880597,1.0,0.1166666666664722,0.9999999999992858,0.3415650255315799,0.2909100722231839,0.1796454489231109,7,0,53,140,0.5
seed_456,456,,XGBoost,ClassWeight,0.7676190476190476,0.6023303532252665,0.5846153846153846,0.5428571428571428,0.6333333333322777,0.7714285714280205,0.698978847012029,0.3888826592409259,0.1923522353172302,38,32,22,108,0.5
seed_456,456,,LightGBM,SMOTE,0.7701190476190477,0.622863417031581,0.5166666666666667,0.5166666666666667,0.5166666666658055,0.7928571428565766,0.6400334812663176,0.3095238095238095,0.1831351423181474,31,29,29,111,0.5
seed_456,456,,LightGBM,BorderlineSMOTE,0.7877380952380952,0.6563418806068751,0.5932203389830508,0.603448275862069,0.5833333333323611,0.8357142857136889,0.6982120021876159,0.4231992130775337,0.1653035981706724,35,23,25,117,0.5
seed_456,456,,LightGBM,SVMSMOTE,0.7933333333333333,0.6297771112576304,0.5357142857142857,0.5769230769230769,0.4999999999991666,0.8428571428565409,0.649175300999328,0.3581956564562562,0.1698764741149671,30,22,30,118,0.5
seed_456,456,,LightGBM,ADASYN,0.7772619047619047,0.6355050025120097,0.6178861788617886,0.6031746031746031,0.6333333333322777,0.8214285714279848,0.7212753255427893,0.4486350100971195,0.1708464752265437,38,25,22,115,0.5
seed_456,456,,LightGBM,,0.7795238095238095,0.643428864862744,0.5106382978723404,0.7058823529411765,0.3999999999993333,0.9285714285707654,0.6094494002193185,0.4008445069104218,0.1641543157099698,24,10,36,130,0.5
seed_456,456,,LightGBM,ClassWeight,0.7925,0.6694315981239434,0.6,0.5571428571428572,0.6499999999989167,0.7785714285708725,0.7113869752604581,0.4117581097845098,0.1714662263998206,39,31,21,109,0.5
seed_456,456,,CatBoost,SMOTE,0.7885714285714286,0.6469244627902165,0.559322033898305,0.5689655172413793,0.5499999999990833,0.8214285714279848,0.672150068276898,0.3751083934096321,0.1689524911687188,33,25,27,115,0.5
seed_456,456,,CatBoost,BorderlineSMOTE,0.7826190476190475,0.6232470891053444,0.5691056910569106,0.5555555555555556,0.5833333333323611,0.7999999999994286,0.68313005106316,0.3781687781446924,0.1736296045332777,35,28,25,112,0.5
seed_456,456,,CatBoost,SVMSMOTE,0.7945238095238095,0.6501447508978866,0.509090909090909,0.56,0.4666666666658888,0.8428571428565409,0.6271629240734794,0.3275692099413302,0.1709936159746398,28,22,32,118,0.5
seed_456,456,,CatBoost,ADASYN,0.7785714285714286,0.6152175888235405,0.59375,0.5588235294117647,0.6333333333322777,0.7857142857137246,0.7054211845542085,0.4053793280700402,0.178826960933791,38,30,22,110,0.5
seed_456,456,,CatBoost,,0.7709523809523811,0.6219166737085331,0.4468085106382978,0.6176470588235294,0.3499999999994166,0.9071428571422092,0.5634713834785614,0.313704396712504,0.1867097836749584,21,13,39,127,0.5
seed_456,456,,CatBoost,ClassWeight,0.7980952380952381,0.6428484251799941,0.6029411764705882,0.5394736842105263,0.6833333333321944,0.7499999999994643,0.7158910531629654,0.409113774349136,0.1767988103727816,41,35,19,105,0.5
seed_456,456,,Random Forest,SMOTE,0.7786309523809523,0.6265914335175885,0.5391304347826087,0.5636363636363636,0.5166666666658055,0.8285714285708368,0.6542898731405055,0.3543178312491844,0.1698427222222222,31,24,29,116,0.5
seed_456,456,,Random Forest,BorderlineSMOTE,0.7868452380952381,0.6274418837129021,0.5714285714285714,0.6153846153846154,0.5333333333324445,0.857142857142245,0.6761234037820084,0.4079450531862917,0.166622,32,20,28,120,0.5
seed_456,456,,Random Forest,SVMSMOTE,0.7751190476190476,0.6235336638752835,0.5454545454545454,0.6,0.4999999999991666,0.857142857142245,0.6546536707071978,0.3779644730092272,0.1685611111111111,30,20,30,120,0.5
seed_456,456,,Random Forest,ADASYN,0.775,0.6068052668436634,0.5789473684210527,0.6111111111111112,0.5499999999990833,0.8499999999993929,0.6837397165580532,0.4128823581902215,0.1705790555555555,33,21,27,119,0.5
seed_456,456,,Random Forest,,0.7841666666666667,0.6266578731597168,0.4897959183673469,0.631578947368421,0.3999999999993333,0.8999999999993572,0.5999999999992858,0.3504383220252312,0.1653883888888889,24,14,36,126,0.5
seed_456,456,,Random Forest,ClassWeight,0.7828571428571429,0.6294420513199366,0.5645161290322581,0.546875,0.5833333333323611,0.7928571428565766,0.6800735254359627,0.3695625868540279,0.1723553888888889,35,29,25,111,0.5
seed_456,456,,Logistic Reg.,SMOTE,0.7553571428571428,0.5537391576266586,0.5757575757575758,0.5277777777777778,0.6333333333322777,0.7571428571423164,0.6924765768765524,0.3727888958198203,0.1951068769419112,38,34,22,106,0.5
seed_456,456,,Logistic Reg.,BorderlineSMOTE,0.7616666666666667,0.5599944043943731,0.5757575757575758,0.5277777777777778,0.6333333333322777,0.7571428571423164,0.6924765768765524,0.3727888958198203,0.1932027276269162,38,34,22,106,0.5
seed_456,456,,Logistic Reg.,SVMSMOTE,0.7558333333333334,0.5524622152548169,0.578125,0.5441176470588235,0.6166666666656389,0.7785714285708725,0.6929062329189315,0.3823464117024243,0.1923881136230019,37,31,23,109,0.5
seed_456,456,,Logistic Reg.,ADASYN,0.76,0.568059432515114,0.5714285714285714,0.5205479452054794,0.6333333333322777,0.7499999999994643,0.6892024376036906,0.3648824187603017,0.1942264958410975,38,35,22,105,0.5
seed_456,456,,Logistic Reg.,,0.7716666666666667,0.5738280813166816,0.5087719298245614,0.5370370370370371,0.4833333333325277,0.8214285714279848,0.6300982538643194,0.3145770348115974,0.1765223176201488,29,25,31,115,0.5
seed_456,456,,Logistic Reg.,ClassWeight,0.7723809523809524,0.5630265216230366,0.5714285714285714,0.5,0.6666666666655555,0.7142857142852042,0.6900655593415327,0.3563483225498992,0.19754261209077,40,40,20,100,0.5
seed_515,515,,XGBoost,SMOTE,0.7880952380952381,0.6299412849415615,0.5904761904761905,0.6888888888888889,0.5166666666658055,0.8999999999993572,0.681909084848481,0.457252717640612,0.1625386476516723,31,14,29,126,0.5
seed_515,515,,XGBoost,BorderlineSMOTE,0.7936904761904762,0.6567421444463823,0.6055045871559633,0.673469387755102,0.5499999999990833,0.8857142857136532,0.697956200016661,0.4642532243510562,0.1630879938602447,33,16,27,124,0.5
seed_515,515,,XGBoost,SVMSMOTE,0.8075,0.6588590314963566,0.5686274509803921,0.6904761904761905,0.4833333333325277,0.9071428571422092,0.6621573687208631,0.4393200375044474,0.1588234007358551,29,13,31,127,0.5
seed_515,515,,XGBoost,ADASYN,0.7928571428571427,0.6432101382268767,0.6,0.66,0.5499999999990833,0.8785714285708011,0.6951361634335644,0.4535573676110727,0.162684366106987,33,17,27,123,0.5
seed_515,515,,XGBoost,,0.7815476190476189,0.5861853713450204,0.4418604651162791,0.7307692307692307,0.3166666666661388,0.9499999999993216,0.5484827557294915,0.3633683335537774,0.1695320904254913,19,7,41,133,0.5
seed_515,515,,XGBoost,ClassWeight,0.7705357142857142,0.586124388939376,0.5483870967741935,0.53125,0.5666666666657222,0.7857142857137246,0.6672616392668135,0.3461725497113679,0.2171387821435928,34,30,26,110,0.5
seed_515,515,,LightGBM,SMOTE,0.7775,0.6174959365869932,0.5739130434782609,0.6,0.5499999999990833,0.8428571428565409,0.6808607997016166,0.403189256249072,0.1727514792350151,33,22,27,118,0.5
seed_515,515,,LightGBM,BorderlineSMOTE,0.7680952380952382,0.6226671519646905,0.5981308411214953,0.6808510638297872,0.5333333333324445,0.8928571428565052,0.6900655593415328,0.4606263088522889,0.1783724217609754,32,15,28,125,0.5
seed_515,515,,LightGBM,SVMSMOTE,0.7839285714285714,0.6378851927262479,0.5607476635514018,0.6382978723404256,0.4999999999991666,0.8785714285708011,0.6627863262656136,0.4091596821648823,0.1702467186981872,30,17,30,123,0.5
seed_515,515,,LightGBM,ADASYN,0.7732142857142857,0.5986782471706112,0.5871559633027523,0.6530612244897959,0.5333333333324445,0.8785714285708011,0.6845227743255246,0.4388841956979931,0.1765162017894633,32,17,28,123,0.5
seed_515,515,,LightGBM,,0.7885714285714286,0.5793961329406521,0.449438202247191,0.6896551724137931,0.3333333333327777,0.9357142857136176,0.5584843434725985,0.3501641993909596,0.1685212053434507,20,9,40,131,0.5
seed_515,515,,LightGBM,ClassWeight,0.7764285714285715,0.5654256855479146,0.56,0.5384615384615384,0.5833333333323611,0.7857142857137246,0.6770032003855241,0.3610758882042163,0.1758894511359084,35,30,25,110,0.5
seed_515,515,,CatBoost,SMOTE,0.7998809523809525,0.6670176190787471,0.5945945945945946,0.6470588235294118,0.5499999999990833,0.871428571427949,0.6923046397970861,0.4430833154518303,0.1574579500846384,33,18,27,122,0.5
seed_515,515,,CatBoost,BorderlineSMOTE,0.8191666666666667,0.6854544336098709,0.6428571428571429,0.6923076923076923,0.599999999999,0.8857142857136532,0.7289914755518793,0.507443846646363,0.1500649848310533,36,16,24,124,0.5
seed_515,515,,CatBoost,SVMSMOTE,0.824047619047619,0.6864897801523062,0.6,0.66,0.5499999999990833,0.8785714285708011,0.6951361634335644,0.4535573676110727,0.1508803378087224,33,17,27,123,0.5
seed_515,515,,CatBoost,ADASYN,0.8127380952380953,0.6915029303963921,0.6071428571428571,0.6538461538461539,0.5666666666657222,0.871428571427949,0.7027158200925522,0.4576944499163273,0.1548198972284617,34,18,26,122,0.5
seed_515,515,,CatBoost,,0.7933928571428571,0.6252496697584812,0.3243243243243243,0.8571428571428571,0.1999999999996666,0.9857142857135818,0.4440077219400444,0.3335527037640105,0.2181727251625882,12,2,48,138,0.5
seed_515,515,,CatBoost,ClassWeight,0.8010714285714285,0.6374500841339905,0.6573426573426573,0.5662650602409639,0.7833333333320277,0.7428571428566123,0.7628268230098993,0.4893849948993256,0.1961436909037439,47,36,13,104,0.5
seed_515,515,,Random Forest,SMOTE,0.8154761904761905,0.6472809865672927,0.58,0.725,0.4833333333325277,0.9214285714279132,0.6673508394061421,0.4637130167514838,0.1569811666666666,29,11,31,129,0.5
seed_515,515,,Random Forest,BorderlineSMOTE,0.8207142857142857,0.6562036800496032,0.6153846153846154,0.7272727272727273,0.5333333333324445,0.9142857142850612,0.6982972487543444,0.4951759739721276,0.1530309444444444,32,12,28,128,0.5
seed_515,515,,Random Forest,SVMSMOTE,0.8217857142857142,0.6580418356505402,0.5490196078431373,0.6666666666666666,0.4666666666658888,0.8999999999993572,0.6480740698400145,0.4125322303395421,0.1528816111111111,28,14,32,126,0.5
seed_515,515,,Random Forest,ADASYN,0.8242261904761905,0.6518173288284503,0.5631067961165048,0.6744186046511628,0.4833333333325277,0.8999999999993572,0.6595452979128608,0.4275945632857406,0.1536288333333333,29,14,31,126,0.5
seed_515,515,,Random Forest,,0.814404761904762,0.647427789694073,0.4,0.68,0.2833333333328611,0.9428571428564696,0.5168586432886859,0.3134187175600825,0.1579144444444444,17,8,43,132,0.5
seed_515,515,,Random Forest,ClassWeight,0.8036309523809524,0.6369812941546555,0.5818181818181818,0.64,0.5333333333324445,0.871428571427949,0.6817344825962658,0.4283597360771242,0.1614933888888888,32,18,28,122,0.5
seed_515,515,,Logistic Reg.,SMOTE,0.8029761904761904,0.6191391788384472,0.6190476190476191,0.5909090909090909,0.6499999999989167,0.8071428571422807,0.7243223433952649,0.4455200097471426,0.1650473305206211,39,27,21,113,0.5
seed_515,515,,Logistic Reg.,BorderlineSMOTE,0.804047619047619,0.6123911847059991,0.6229508196721312,0.6129032258064516,0.6333333333322777,0.8285714285708368,0.7244045173524634,0.4576744777224246,0.1642053939111796,38,24,22,116,0.5
seed_515,515,,Logistic Reg.,SVMSMOTE,0.8113095238095238,0.6161384190471142,0.6115702479338843,0.6065573770491803,0.6166666666656389,0.8285714285708368,0.7148093318858983,0.4431590692189733,0.159350642649782,37,24,23,116,0.5
seed_515,515,,Logistic Reg.,ADASYN,0.7995238095238095,0.6079615106348507,0.592,0.5692307692307692,0.6166666666656389,0.7999999999994286,0.7023769168560131,0.4076663253918571,0.1694943896374273,37,28,23,112,0.5
seed_515,515,,Logistic Reg.,,0.8117857142857143,0.5904246383381891,0.5050505050505051,0.6410256410256411,0.4166666666659722,0.8999999999993572,0.6123724356950655,0.3662661235786188,0.1622121564921297,25,14,35,126,0.5
seed_515,515,,Logistic Reg.,ClassWeight,0.8089285714285714,0.5796034782680408,0.6423357664233577,0.5714285714285714,0.733333333332111,0.7642857142851684,0.7486495778899872,0.4686393159701634,0.1706482474055751,44,33,16,107,0.5
seed_689,689,,XGBoost,SMOTE,0.7841666666666667,0.6331473505385529,0.5950413223140496,0.5901639344262295,0.599999999999,0.8214285714279848,0.702037850016628,0.4194607232714347,0.1736980676651001,36,25,24,115,0.5
seed_689,689,,XGBoost,BorderlineSMOTE,0.7591666666666667,0.6114628049754988,0.5785123966942148,0.5737704918032787,0.5833333333323611,0.8142857142851327,0.6892024376036906,0.3957623773238959,0.1833467334508896,35,26,25,114,0.5
seed_689,689,,XGBoost,SVMSMOTE,0.7870238095238096,0.6563193681147347,0.6,0.6,0.599999999999,0.8285714285708368,0.7050835816707645,0.4285714285714285,0.1736196130514145,36,24,24,116,0.5
seed_689,689,,XGBoost,ADASYN,0.7432738095238096,0.5727082617643584,0.5605095541401274,0.4536082474226804,0.733333333332111,0.6214285714281276,0.6750661343255198,0.3252910703838517,0.2361586987972259,44,53,16,87,0.5
seed_689,689,,XGBoost,,0.7860714285714285,0.6233062578654817,0.4146341463414634,0.7727272727272727,0.2833333333328611,0.9642857142850256,0.5226990393272549,0.3626622489380521,0.1691994667053222,17,5,43,135,0.5
seed_689,689,,XGBoost,ClassWeight,0.7952380952380953,0.6167791212239474,0.5573770491803278,0.5483870967741935,0.5666666666657222,0.7999999999994286,0.6733003292233369,0.3633086060270793,0.1712389886379242,34,28,26,112,0.5
seed_689,689,,LightGBM,SMOTE,0.7627380952380952,0.6120266552293991,0.5714285714285714,0.5454545454545454,0.599999999999,0.7857142857137246,0.6866065623247778,0.3759075082241516,0.1855661177985662,36,30,24,110,0.5
seed_689,689,,LightGBM,BorderlineSMOTE,0.7689285714285715,0.6309003674329144,0.5691056910569106,0.5555555555555556,0.5833333333323611,0.7999999999994286,0.68313005106316,0.3781687781446924,0.1863621435889691,35,28,25,112,0.5
seed_689,689,,LightGBM,SVMSMOTE,0.756547619047619,0.6280433364965139,0.5573770491803278,0.5483870967741935,0.5666666666657222,0.7999999999994286,0.6733003292233369,0.3633086060270793,0.1864401963877835,34,28,26,112,0.5
seed_689,689,,LightGBM,ADASYN,0.7659523809523809,0.6080046851917382,0.544,0.5230769230769231,0.5666666666657222,0.7785714285708725,0.6642217071049589,0.3377806696103959,0.192802899714272,34,31,26,109,0.5
seed_689,689,,LightGBM,,0.7822619047619047,0.6142753829546791,0.4901960784313725,0.5952380952380952,0.4166666666659722,0.8785714285708011,0.6050383695027589,0.3321688088448261,0.1685736881633919,25,17,35,123,0.5
seed_689,689,,LightGBM,ClassWeight,0.7413690476190476,0.5780681722356587,0.4742268041237113,0.6216216216216216,0.3833333333326944,0.8999999999993572,0.5873670062228373,0.3343818142494718,0.1874513946886637,23,14,37,126,0.5
seed_689,689,,CatBoost,SMOTE,0.7829761904761905,0.627879079920576,0.6046511627906976,0.5652173913043478,0.6499999999989167,0.7857142857137246,0.7146427679009071,0.4200309080070073,0.1751854005998644,39,30,21,110,0.5
seed_689,689,,CatBoost,BorderlineSMOTE,0.7839285714285713,0.6381169815168763,0.5470085470085471,0.5614035087719298,0.5333333333324445,0.8214285714279848,0.6618876325285094,0.3601398459599785,0.1741049941428015,32,25,28,115,0.5
seed_689,689,,CatBoost,SVMSMOTE,0.7780952380952381,0.6540498273393383,0.56,0.5384615384615384,0.5833333333323611,0.7857142857137246,0.6770032003855241,0.3610758882042163,0.1792503801469485,35,30,25,110,0.5
seed_689,689,,CatBoost,ADASYN,0.7758333333333334,0.6300349104934724,0.55,0.55,0.5499999999990833,0.8071428571422807,0.6662796495672928,0.3571428571428571,0.1775282508707007,33,27,27,113,0.5
seed_689,689,,CatBoost,,0.7076190476190476,0.5169856199037571,0.3877551020408163,0.5,0.3166666666661388,0.864285714285097,0.5231543521656152,0.2113754958247426,0.2326942623072293,19,19,41,121,0.5
seed_689,689,,CatBoost,ClassWeight,0.6814880952380953,0.5251835368116967,0.4868421052631579,0.4021739130434782,0.6166666666656389,0.6071428571424236,0.6118862328111906,0.2057843838513207,0.2399483864926365,37,55,23,85,0.5
seed_689,689,,Random Forest,SMOTE,0.7986309523809524,0.6085175926154351,0.5263157894736842,0.5555555555555556,0.4999999999991666,0.8285714285708368,0.6436503043460229,0.3391533656562534,0.1673698333333333,30,24,30,116,0.5
seed_689,689,,Random Forest,BorderlineSMOTE,0.7892857142857144,0.6128203731443609,0.5614035087719298,0.5925925925925926,0.5333333333324445,0.8428571428565409,0.6704653678772224,0.3883060273455655,0.1711315555555555,32,22,28,118,0.5
seed_689,689,,Random Forest,SVMSMOTE,0.7964880952380952,0.6528719555232687,0.5785123966942148,0.5737704918032787,0.5833333333323611,0.8142857142851327,0.6892024376036906,0.3957623773238959,0.1664234444444444,35,26,25,114,0.5
seed_689,689,,Random Forest,ADASYN,0.7886904761904762,0.6290212832255553,0.576271186440678,0.5862068965517241,0.5666666666657222,0.8285714285708368,0.685218074427909,0.3991538032435829,0.1707844444444444,34,24,26,116,0.5
seed_689,689,,Random Forest,,0.8225595238095238,0.6529988332968525,0.5510204081632653,0.7105263157894737,0.44999999999925,0.9214285714279132,0.6439276800556643,0.4338760177455243,0.1545946666666666,27,11,33,129,0.5
seed_689,689,,Random Forest,ClassWeight,0.8091071428571429,0.6377886239203796,0.6218487394957983,0.6271186440677966,0.6166666666656389,0.8428571428565409,0.7209451468459076,0.4617555238577956,0.1657842777777778,37,22,23,118,0.5
seed_689,689,,Logistic Reg.,SMOTE,0.7273809523809525,0.579208850201392,0.5517241379310345,0.4705882352941176,0.6666666666655555,0.678571428570944,0.6725927091337486,0.3200368387028327,0.2178793243946904,40,45,20,95,0.5
seed_689,689,,Logistic Reg.,BorderlineSMOTE,0.7346428571428572,0.5986923520409931,0.5416666666666666,0.4642857142857143,0.6499999999989167,0.678571428570944,0.6641320866893712,0.3050709127194423,0.2155915014166431,39,45,21,95,0.5
seed_689,689,,Logistic Reg.,SVMSMOTE,0.7373809523809525,0.5960185256746052,0.5454545454545454,0.4698795180722891,0.6499999999989167,0.685714285713796,0.6676183683162293,0.312232055569253,0.2132788298008131,39,44,21,96,0.5
seed_689,689,,Logistic Reg.,ADASYN,0.7272619047619048,0.5854519030112454,0.5342465753424658,0.4534883720930232,0.6499999999989167,0.6642857142852399,0.6571040361196134,0.2909126674818687,0.2220818894277113,39,47,21,93,0.5
seed_689,689,,Logistic Reg.,,0.7765476190476192,0.6333630360122272,0.5321100917431193,0.5918367346938775,0.4833333333325277,0.857142857142245,0.6436503043460229,0.3627771097388035,0.1683308399313667,29,20,31,120,0.5
seed_689,689,,Logistic Reg.,ClassWeight,0.7754761904761904,0.6243138148779508,0.5733333333333334,0.4777777777777778,0.7166666666654722,0.6642857142852399,0.6899792957548039,0.3509075706452101,0.1985832198392923,43,47,17,93,0.5
seed_777,777,,XGBoost,SMOTE,0.7951190476190475,0.6355878550985031,0.5932203389830508,0.603448275862069,0.5833333333323611,0.8357142857136889,0.6982120021876159,0.4231992130775337,0.1653248220682144,35,23,25,117,0.5
seed_777,777,,XGBoost,BorderlineSMOTE,0.8077380952380953,0.6567028507392814,0.603448275862069,0.625,0.5833333333323611,0.8499999999993929,0.7041543391417487,0.4422689813358516,0.1612719297409057,35,21,25,119,0.5
seed_777,777,,XGBoost,SVMSMOTE,0.7822619047619047,0.6398353139238007,0.5565217391304348,0.5818181818181818,0.5333333333324445,0.8357142857136889,0.6676183683162294,0.3787535437491282,0.1709019839763641,32,23,28,117,0.5
seed_777,777,,XGBoost,ADASYN,0.7972619047619048,0.6624190492573083,0.6,0.6,0.599999999999,0.8285714285708368,0.7050835816707645,0.4285714285714285,0.1652121394872665,36,24,24,116,0.5
seed_777,777,,XGBoost,,0.8032738095238096,0.7165714797721364,0.0,0.0,0.0,0.9999999999992858,0.0,0.0,0.1880522966384887,0,0,60,140,0.5
seed_777,777,,XGBoost,ClassWeight,0.8239285714285715,0.6898906943163775,0.6474820143884892,0.569620253164557,0.74999999999875,0.7571428571423164,0.7535629654221278,0.475404978353956,0.1851709336042404,45,34,15,106,0.5
seed_777,777,,LightGBM,SMOTE,0.7761904761904762,0.6204907583419642,0.5423728813559322,0.5517241379310345,0.5333333333324445,0.8142857142851327,0.6590035768375467,0.3510629835756814,0.1762855710292392,32,26,28,114,0.5
seed_777,777,,LightGBM,BorderlineSMOTE,0.7876190476190477,0.6362005970319832,0.5391304347826087,0.5636363636363636,0.5166666666658055,0.8285714285708368,0.6542898731405055,0.3543178312491844,0.1718499348315042,31,24,29,116,0.5
seed_777,777,,LightGBM,SVMSMOTE,0.766904761904762,0.6186834055958333,0.5391304347826087,0.5636363636363636,0.5166666666658055,0.8285714285708368,0.6542898731405055,0.3543178312491844,0.1807786320142058,31,24,29,116,0.5
seed_777,777,,LightGBM,ADASYN,0.780357142857143,0.6219736702081279,0.5084745762711864,0.5172413793103449,0.4999999999991666,0.7999999999994286,0.6324555320329229,0.3029721639077798,0.1892255842411183,30,28,30,112,0.5
seed_777,777,,LightGBM,,0.8005952380952381,0.6781416678828984,0.5102040816326531,0.6578947368421053,0.4166666666659722,0.9071428571422092,0.6147976825552375,0.3782508872653289,0.1554030029424732,25,13,35,127,0.5
seed_777,777,,LightGBM,ClassWeight,0.7964285714285715,0.6907553095709655,0.6259541984732825,0.5774647887323944,0.6833333333321944,0.7857142857137246,0.7327378534670388,0.4491925547031523,0.1683456052214121,41,30,19,110,0.5
seed_777,777,,CatBoost,SMOTE,0.7776190476190477,0.6149410361609141,0.559322033898305,0.5689655172413793,0.5499999999990833,0.8214285714279848,0.672150068276898,0.3751083934096321,0.1726816230418232,33,25,27,115,0.5
seed_777,777,,CatBoost,BorderlineSMOTE,0.7892857142857141,0.6520793653805633,0.5739130434782609,0.6,0.5499999999990833,0.8428571428565409,0.6808607997016166,0.403189256249072,0.168220811116408,33,22,27,118,0.5
seed_777,777,,CatBoost,SVMSMOTE,0.7783333333333333,0.6416015396682362,0.5565217391304348,0.5818181818181818,0.5333333333324445,0.8357142857136889,0.6676183683162294,0.3787535437491282,0.1719587028087816,32,23,28,117,0.5
seed_777,777,,CatBoost,ADASYN,0.7836904761904762,0.6030867085027503,0.5826771653543307,0.5522388059701493,0.6166666666656389,0.7857142857137246,0.6960774450610047,0.3906733939140663,0.171380579601158,37,30,23,110,0.5
seed_777,777,,CatBoost,,0.7980952380952381,0.7015781939320934,0.4651162790697674,0.7692307692307693,0.3333333333327777,0.9571428571421736,0.5648430038929927,0.3958119347639361,0.1662436764342759,20,6,40,134,0.5
seed_777,777,,CatBoost,ClassWeight,0.8023809523809524,0.6631396195541256,0.6666666666666666,0.5802469135802469,0.7833333333320277,0.7571428571423164,0.7701267675479317,0.5045453636100924,0.1802732423550558,47,34,13,106,0.5
seed_777,777,,Random Forest,SMOTE,0.7842261904761905,0.6114669849821323,0.5565217391304348,0.5818181818181818,0.5333333333324445,0.8357142857136889,0.6676183683162294,0.3787535437491282,0.1683163333333333,32,23,28,117,0.5
seed_777,777,,Random Forest,BorderlineSMOTE,0.7973809523809523,0.6137369809383801,0.5486725663716814,0.5849056603773585,0.5166666666658055,0.8428571428565409,0.6599061982396844,0.3733109232348853,0.1652624444444444,31,22,29,118,0.5
seed_777,777,,Random Forest,SVMSMOTE,0.78625,0.6321557831104484,0.5688073394495413,0.6326530612244898,0.5166666666658055,0.871428571427949,0.6709978354935455,0.4135151670449299,0.165923111111111,31,18,29,122,0.5
seed_777,777,,Random Forest,ADASYN,0.7990476190476191,0.6090167532924221,0.5517241379310345,0.5714285714285714,0.5333333333324445,0.8285714285708368,0.6647591758702619,0.369367500895876,0.1646862777777777,32,24,28,116,0.5
seed_777,777,,Random Forest,,0.7994642857142857,0.7024883894916107,0.5567010309278351,0.7297297297297297,0.44999999999925,0.9285714285707654,0.6464187055277315,0.4467790627366892,0.1578569444444444,27,10,33,130,0.5
seed_777,777,,Random Forest,ClassWeight,0.8080357142857142,0.7026045381218508,0.6290322580645161,0.609375,0.6499999999989167,0.8214285714279848,0.7307041613589594,0.4631227354246678,0.1640056666666667,39,25,21,115,0.5
seed_777,777,,Logistic Reg.,SMOTE,0.7329761904761904,0.5645162145897521,0.5294117647058824,0.4736842105263157,0.599999999999,0.7142857142852042,0.6546536707071978,0.2967198802971756,0.2015497245838753,36,40,24,100,0.5
seed_777,777,,Logistic Reg.,BorderlineSMOTE,0.7339285714285715,0.5616367080404496,0.5481481481481482,0.4933333333333333,0.6166666666656389,0.7285714285709082,0.6702877846750935,0.3267929784950264,0.1986281041025869,37,38,23,102,0.5
seed_777,777,,Logistic Reg.,SVMSMOTE,0.7235714285714286,0.5503754293433352,0.484375,0.4558823529411764,0.5166666666658055,0.7357142857137603,0.6165379531043832,0.2441489134967287,0.1998199418599683,31,37,29,103,0.5
seed_777,777,,Logistic Reg.,ADASYN,0.7394047619047619,0.5771142837806972,0.5223880597014925,0.4729729729729729,0.5833333333323611,0.7214285714280562,0.6487166818668466,0.2892671987055235,0.2010343467010844,35,39,25,101,0.5
seed_777,777,,Logistic Reg.,,0.7557142857142857,0.6306981052969424,0.5098039215686274,0.6190476190476191,0.4333333333326111,0.8857142857136532,0.6195236265136383,0.3589566160097314,0.1707474471183736,26,16,34,124,0.5
seed_777,777,,Logistic Reg.,ClassWeight,0.7507142857142857,0.6287556226142916,0.5379310344827586,0.4588235294117647,0.6499999999989167,0.6714285714280919,0.6606274074147487,0.297965332585396,0.2013037922810086,39,46,21,94,0.5
seed_872,872,,XGBoost,SMOTE,0.7883333333333333,0.6254577228634259,0.582089552238806,0.527027027027027,0.6499999999989167,0.7499999999994643,0.6982120021876159,0.3796631983009996,0.1744469255208969,39,35,21,105,0.5
seed_872,872,,XGBoost,BorderlineSMOTE,0.7726190476190476,0.6244313910075139,0.5528455284552846,0.5396825396825397,0.5666666666657222,0.7928571428565766,0.6702877846750935,0.35468003416055,0.183787390589714,34,29,26,111,0.5
seed_872,872,,XGBoost,SVMSMOTE,0.7667857142857143,0.5807789971460277,0.5378151260504201,0.5423728813559322,0.5333333333324445,0.8071428571422807,0.6561068437954032,0.342129740474947,0.1900456100702285,32,27,28,113,0.5
seed_872,872,,XGBoost,ADASYN,0.776547619047619,0.6138548499435442,0.5483870967741935,0.53125,0.5666666666657222,0.7857142857137246,0.6672616392668135,0.3461725497113679,0.1882572323083877,34,30,26,110,0.5
seed_872,872,,XGBoost,,0.7875000000000001,0.6331623570273064,0.5567010309278351,0.7297297297297297,0.44999999999925,0.9285714285707654,0.6464187055277315,0.4467790627366892,0.16358382999897,27,10,33,130,0.5
seed_872,872,,XGBoost,ClassWeight,0.7867857142857142,0.6413008032201266,0.578125,0.5441176470588235,0.6166666666656389,0.7785714285708725,0.6929062329189315,0.3823464117024243,0.1779849678277969,37,31,23,109,0.5
seed_872,872,,LightGBM,SMOTE,0.7707142857142857,0.6114219560209877,0.5737704918032787,0.5645161290322581,0.5833333333323611,0.8071428571422807,0.6861729616738133,0.3869000739509156,0.1872368083499464,35,27,25,113,0.5
seed_872,872,,LightGBM,BorderlineSMOTE,0.7545238095238095,0.5928825673550291,0.5528455284552846,0.5396825396825397,0.5666666666657222,0.7928571428565766,0.6702877846750935,0.35468003416055,0.206764028688997,34,29,26,111,0.5
seed_872,872,,LightGBM,SVMSMOTE,0.7552380952380953,0.5632159592678212,0.5289256198347108,0.5245901639344263,0.5333333333324445,0.7928571428565766,0.6502746672415711,0.3246673394812799,0.2017951775021584,32,29,28,111,0.5
seed_872,872,,LightGBM,ADASYN,0.7845238095238096,0.6429241595601396,0.5891472868217055,0.5507246376811594,0.6333333333322777,0.7785714285708725,0.7022074039014855,0.3970783993727446,0.1813722611203149,38,31,22,109,0.5
seed_872,872,,LightGBM,,0.7660714285714285,0.5954361954485077,0.5454545454545454,0.6,0.4999999999991666,0.857142857142245,0.6546536707071978,0.3779644730092272,0.1743268420631453,30,20,30,120,0.5
seed_872,872,,LightGBM,ClassWeight,0.765,0.5970373759763985,0.5714285714285714,0.5205479452054794,0.6333333333322777,0.7499999999994643,0.6892024376036906,0.3648824187603017,0.1921886398395537,38,35,22,105,0.5
seed_872,872,,CatBoost,SMOTE,0.7339285714285714,0.528501478840094,0.5522388059701493,0.5,0.6166666666656389,0.7357142857137603,0.6735654951000652,0.3344651985032615,0.1992649518932839,37,37,23,103,0.5
seed_872,872,,CatBoost,BorderlineSMOTE,0.7778571428571429,0.5994002748854281,0.5853658536585366,0.5714285714285714,0.599999999999,0.8071428571422807,0.6959063976459487,0.4016575221288347,0.1802337319730879,36,27,24,113,0.5
seed_872,872,,CatBoost,SVMSMOTE,0.7949999999999999,0.6210151717623598,0.6031746031746031,0.5757575757575758,0.6333333333322777,0.7999999999994286,0.71180521680124,0.4223158425728122,0.1704948734367874,38,28,22,112,0.5
seed_872,872,,CatBoost,ADASYN,0.7729761904761905,0.6174841066773517,0.5289256198347108,0.5245901639344263,0.5333333333324445,0.7928571428565766,0.6502746672415711,0.3246673394812799,0.1858036853753426,32,29,28,111,0.5
seed_872,872,,CatBoost,,0.7313095238095237,0.492380307380437,0.4509803921568627,0.5476190476190477,0.3833333333326944,0.864285714285097,0.5755949303188267,0.2785931945150154,0.232136534154209,23,19,37,121,0.5
seed_872,872,,CatBoost,ClassWeight,0.7314285714285714,0.5276889183219976,0.5534591194968553,0.4444444444444444,0.733333333332111,0.6071428571424236,0.6672616392668135,0.3120671867869119,0.2301319721416105,44,55,16,85,0.5
seed_872,872,,Random Forest,SMOTE,0.8072619047619047,0.6556658557719072,0.5901639344262295,0.5806451612903226,0.599999999999,0.8142857142851327,0.698978847012029,0.4104915418747519,0.1622325,36,26,24,114,0.5
seed_872,872,,Random Forest,BorderlineSMOTE,0.7846428571428572,0.635324122463492,0.5882352941176471,0.5932203389830508,0.5833333333323611,0.8285714285708368,0.6952217871529794,0.4139052105046562,0.1674697222222222,35,24,25,116,0.5
seed_872,872,,Random Forest,SVMSMOTE,0.7900595238095238,0.6410499155244247,0.5641025641025641,0.5789473684210527,0.5499999999990833,0.8285714285708368,0.6750661343255198,0.3843103054203798,0.1645621666666666,33,24,27,116,0.5
seed_872,872,,Random Forest,ADASYN,0.8013095238095238,0.6576309924505254,0.5853658536585366,0.5714285714285714,0.599999999999,0.8071428571422807,0.6959063976459487,0.4016575221288347,0.1650028333333333,36,27,24,113,0.5
seed_872,872,,Random Forest,,0.8069047619047619,0.6535495312062461,0.5825242718446602,0.6976744186046512,0.4999999999991666,0.9071428571422092,0.6734771180748078,0.4541532318128052,0.1592048333333333,30,13,30,127,0.5
seed_872,872,,Random Forest,ClassWeight,0.7964285714285714,0.6645862681052802,0.5736434108527132,0.5362318840579711,0.6166666666656389,0.7714285714280205,0.6897204402605109,0.3741258907384819,0.1695676666666666,37,32,23,108,0.5
seed_872,872,,Logistic Reg.,SMOTE,0.7510714285714285,0.5886032415846341,0.5833333333333334,0.5,0.6999999999988333,0.6999999999995,0.6999999999991667,0.3713906763541037,0.2034410326630696,42,42,18,98,0.5
seed_872,872,,Logistic Reg.,BorderlineSMOTE,0.7514285714285714,0.606247286340475,0.5467625899280576,0.4810126582278481,0.6333333333322777,0.7071428571423521,0.6692212958775867,0.3191686004911536,0.1990833657431842,38,41,22,99,0.5
seed_872,872,,Logistic Reg.,SVMSMOTE,0.7513095238095238,0.5958074535838279,0.5735294117647058,0.5131578947368421,0.6499999999989167,0.7357142857137603,0.6915303939185516,0.3641562167283518,0.19734227818818,39,37,21,103,0.5
seed_872,872,,Logistic Reg.,ADASYN,0.7438095238095238,0.5885272126549238,0.5633802816901409,0.4878048780487805,0.6666666666655555,0.6999999999995,0.6831300510631599,0.3416356186970541,0.2078718665938966,40,42,20,98,0.5
seed_872,872,,Logistic Reg.,,0.7780952380952381,0.6098156852138538,0.5853658536585366,0.5714285714285714,0.599999999999,0.8071428571422807,0.6959063976459487,0.4016575221288347,0.1714117632602763,36,27,24,113,0.5
seed_872,872,,Logistic Reg.,ClassWeight,0.7826190476190477,0.6108279774271858,0.6153846153846154,0.5301204819277109,0.733333333332111,0.7214285714280562,0.7273565968947827,0.4229526426505484,0.1988162235504649,44,39,16,101,0.5
seed_999,999,,XGBoost,SMOTE,0.7586904761904761,0.6136457454255908,0.6,0.6,0.599999999999,0.8285714285708368,0.7050835816707645,0.4285714285714285,0.195917472243309,36,24,24,116,0.5
seed_999,999,,XGBoost,BorderlineSMOTE,0.7620238095238095,0.5994956497605475,0.5826771653543307,0.5522388059701493,0.6166666666656389,0.7857142857137246,0.6960774450610047,0.3906733939140663,0.1975261867046356,37,30,23,110,0.5
seed_999,999,,XGBoost,SVMSMOTE,0.7746428571428571,0.6045545627367587,0.5641025641025641,0.5789473684210527,0.5499999999990833,0.8285714285708368,0.6750661343255198,0.3843103054203798,0.1771932244300842,33,24,27,116,0.5
seed_999,999,,XGBoost,ADASYN,0.7623809523809525,0.5954142338956379,0.5669291338582677,0.5373134328358209,0.599999999999,0.7785714285708725,0.6834784979366542,0.3675566250434115,0.1892646551132202,36,31,24,109,0.5
seed_999,999,,XGBoost,,0.7722619047619049,0.5995598583080753,0.0952380952380952,1.0,0.0499999999999166,0.9999999999992858,0.2236067977497128,0.1885019759149963,0.1819798499345779,3,0,57,140,0.5
seed_999,999,,XGBoost,ClassWeight,0.7675,0.5921688180267782,0.5423728813559322,0.5517241379310345,0.5333333333324445,0.8142857142851327,0.6590035768375467,0.3510629835756814,0.2009170949459076,32,26,28,114,0.5
seed_999,999,,LightGBM,SMOTE,0.7857142857142857,0.6490057227926721,0.5546218487394958,0.559322033898305,0.5499999999990833,0.8142857142851327,0.6692212958775868,0.3660548971515167,0.17211890164684,33,26,27,114,0.5
seed_999,999,,LightGBM,BorderlineSMOTE,0.7785714285714286,0.6241031851866301,0.5853658536585366,0.5714285714285714,0.599999999999,0.8071428571422807,0.6959063976459487,0.4016575221288347,0.1771844134050485,36,27,24,113,0.5
seed_999,999,,LightGBM,SVMSMOTE,0.7640476190476191,0.6112090203497125,0.543859649122807,0.5740740740740741,0.5166666666658055,0.8357142857136889,0.6571040361196134,0.3637296965009094,0.1780319673383512,31,23,29,117,0.5
seed_999,999,,LightGBM,ADASYN,0.7754761904761904,0.6218917199977819,0.5714285714285714,0.576271186440678,0.5666666666657222,0.8214285714279848,0.6822581553012629,0.3899800538280864,0.1828519071458404,34,25,26,115,0.5
seed_999,999,,LightGBM,,0.7761904761904762,0.6309578486554867,0.4693877551020408,0.6052631578947368,0.3833333333326944,0.8928571428565052,0.5850315416805233,0.3226257567851335,0.1718148661849244,23,15,37,125,0.5
seed_999,999,,LightGBM,ClassWeight,0.7627380952380952,0.6154836092907361,0.5873015873015873,0.5606060606060606,0.6166666666656389,0.7928571428565766,0.6992342750662379,0.3991116753984819,0.1864425350794813,37,29,23,111,0.5
seed_999,999,,CatBoost,SMOTE,0.7925,0.6424318542316099,0.6050420168067226,0.6101694915254238,0.599999999999,0.8357142857136889,0.7081162132216559,0.4378303671812258,0.1688223073679775,36,23,24,117,0.5
seed_999,999,,CatBoost,BorderlineSMOTE,0.7797619047619048,0.6473045876586969,0.5950413223140496,0.5901639344262295,0.599999999999,0.8214285714279848,0.702037850016628,0.4194607232714347,0.1784242001332926,36,25,24,115,0.5
seed_999,999,,CatBoost,SVMSMOTE,0.7889285714285713,0.6313240276750125,0.5932203389830508,0.603448275862069,0.5833333333323611,0.8357142857136889,0.6982120021876159,0.4231992130775337,0.1686997131507235,35,23,25,117,0.5
seed_999,999,,CatBoost,ADASYN,0.7885714285714286,0.6386283987352549,0.5901639344262295,0.5806451612903226,0.599999999999,0.8142857142851327,0.698978847012029,0.4104915418747519,0.1730988345356564,36,26,24,114,0.5
seed_999,999,,CatBoost,,0.7846428571428572,0.6488921229417588,0.5576923076923077,0.6590909090909091,0.4833333333325277,0.8928571428565052,0.6569228410145225,0.4161585313170008,0.1619118118712543,29,15,31,125,0.5
seed_999,999,,CatBoost,ClassWeight,0.7926190476190476,0.6609479884180989,0.5984251968503937,0.5671641791044776,0.6333333333322777,0.7928571428565766,0.7086203900126368,0.4137901627847211,0.1686127920846596,38,29,22,111,0.5
seed_999,999,,Random Forest,SMOTE,0.7826785714285714,0.6343194709397598,0.5789473684210527,0.6111111111111112,0.5499999999990833,0.8499999999993929,0.6837397165580532,0.4128823581902215,0.1658968333333333,33,21,27,119,0.5
seed_999,999,,Random Forest,BorderlineSMOTE,0.7920833333333334,0.642505920224055,0.603448275862069,0.625,0.5833333333323611,0.8499999999993929,0.7041543391417487,0.4422689813358516,0.1636841666666667,35,21,25,119,0.5
seed_999,999,,Random Forest,SVMSMOTE,0.7833333333333334,0.6147950531835181,0.5370370370370371,0.6041666666666666,0.4833333333325277,0.864285714285097,0.646326616531534,0.3729930981866875,0.1662853888888889,29,19,31,121,0.5
seed_999,999,,Random Forest,ADASYN,0.7811904761904762,0.6294099154645639,0.5892857142857143,0.6346153846153846,0.5499999999990833,0.864285714285097,0.6894614875799888,0.4328197515513096,0.1676348888888889,33,19,27,121,0.5
seed_999,999,,Random Forest,,0.7861904761904762,0.6351601400856376,0.4948453608247423,0.6486486486486487,0.3999999999993333,0.9071428571422092,0.602376246922369,0.3624811263712761,0.1629167222222222,24,13,36,127,0.5
seed_999,999,,Random Forest,ClassWeight,0.7786904761904763,0.622538009054401,0.5299145299145299,0.543859649122807,0.5166666666658055,0.8142857142851327,0.6486249191275988,0.3359693864995773,0.1708606666666666,31,26,29,114,0.5
seed_999,999,,Logistic Reg.,SMOTE,0.8098809523809524,0.6673624656487493,0.6176470588235294,0.5526315789473685,0.6999999999988333,0.7571428571423164,0.7280109889271852,0.4315925531595281,0.1699399547157928,42,34,18,106,0.5
seed_999,999,,Logistic Reg.,BorderlineSMOTE,0.8041666666666666,0.6564108216181156,0.6165413533834586,0.5616438356164384,0.6833333333321944,0.7714285714280205,0.7260460434033106,0.4328729315727803,0.1717188783246846,41,32,19,108,0.5
seed_999,999,,Logistic Reg.,SVMSMOTE,0.8098809523809525,0.6812371291874207,0.6268656716417911,0.5675675675675675,0.6999999999988333,0.7714285714280205,0.7348469228340786,0.4474601979976066,0.1671844849460838,42,32,18,108,0.5
seed_999,999,,Logistic Reg.,ADASYN,0.8036904761904762,0.6568583808669543,0.6176470588235294,0.5526315789473685,0.6999999999988333,0.7571428571423164,0.7280109889271852,0.4315925531595281,0.1722074273560498,42,34,18,106,0.5
seed_999,999,,Logistic Reg.,,0.8061904761904762,0.6660458861715498,0.5892857142857143,0.6346153846153846,0.5499999999990833,0.864285714285097,0.6894614875799888,0.4328197515513096,0.1559103275601659,33,19,27,121,0.5
seed_999,999,,Logistic Reg.,ClassWeight,0.8098809523809525,0.6741389376984125,0.6394557823129252,0.5402298850574713,0.7833333333320277,0.7142857142852042,0.7480132415422052,0.45997877329234,0.1805256930747193,47,40,13,100,0.5
