Model,Strategy,AUROC_mean,AUROC_std,AUPRC_mean,AUPRC_std,F1_mean,F1_std,Precision_mean,Precision_std,Recall_mean,Recall_std,Specificity_mean,Specificity_std,G-Mean_mean,G-Mean_std,MCC_mean,MCC_std,Brier_mean,Brier_std,n_seeds
CatBoost,ADASYN,0.7775,0.0277,0.5985,0.0447,0.6064,0.0376,0.5441,0.0491,0.6917,0.0659,0.7472,0.0564,0.7171,0.0318,0.416,0.0593,0.1904,0.0207,10
CatBoost,BorderlineSMOTE,0.7609,0.0404,0.5825,0.0833,0.574,0.0395,0.5397,0.0708,0.63,0.0874,0.7572,0.0919,0.6859,0.0327,0.3771,0.064,0.1899,0.0325,10
CatBoost,SMOTE,0.7774,0.0283,0.6082,0.0572,0.5954,0.0338,0.5526,0.0592,0.6617,0.0956,0.7607,0.0807,0.7049,0.0308,0.408,0.054,0.1873,0.0261,10
CatBoost,SVMSMOTE,0.7878,0.0253,0.6333,0.0421,0.5962,0.0352,0.5622,0.0452,0.6467,0.0939,0.7786,0.0627,0.7058,0.0326,0.4129,0.0475,0.1775,0.0176,10
LightGBM,ADASYN,0.7839,0.0214,0.6399,0.0376,0.5652,0.0468,0.5998,0.0477,0.5367,0.0592,0.8457,0.0274,0.6727,0.0375,0.3958,0.0626,0.1656,0.0078,10
LightGBM,BorderlineSMOTE,0.7848,0.0136,0.644,0.0245,0.5509,0.0423,0.584,0.0426,0.525,0.0668,0.8386,0.0296,0.662,0.0359,0.376,0.0546,0.1672,0.0047,10
LightGBM,SMOTE,0.7831,0.0227,0.6414,0.0258,0.5724,0.0405,0.6141,0.0458,0.54,0.061,0.8529,0.0296,0.6773,0.0345,0.4091,0.0514,0.1673,0.0088,10
LightGBM,SVMSMOTE,0.7832,0.0163,0.6391,0.0262,0.5604,0.0263,0.5915,0.0243,0.535,0.0487,0.8407,0.0245,0.6697,0.0238,0.3876,0.029,0.1684,0.0061,10
Logistic Reg.,ADASYN,0.777,0.026,0.6237,0.0465,0.6149,0.0281,0.5254,0.031,0.7433,0.0432,0.7107,0.0374,0.7262,0.024,0.4218,0.0448,0.1929,0.0132,10
Logistic Reg.,BorderlineSMOTE,0.7758,0.0263,0.6136,0.052,0.6112,0.0326,0.5259,0.0352,0.7317,0.044,0.7157,0.0365,0.7231,0.0276,0.4164,0.0525,0.1924,0.0137,10
Logistic Reg.,SMOTE,0.7804,0.0248,0.6273,0.0441,0.6167,0.0264,0.5382,0.0327,0.725,0.046,0.7314,0.0397,0.7273,0.0217,0.4272,0.041,0.1872,0.0132,10
Logistic Reg.,SVMSMOTE,0.7799,0.0252,0.6337,0.0396,0.6161,0.0253,0.5528,0.0292,0.6983,0.0461,0.7564,0.0346,0.726,0.0213,0.4304,0.0385,0.1837,0.0128,10
Random Forest,ADASYN,0.7888,0.0204,0.6352,0.0245,0.5368,0.0339,0.6008,0.0426,0.4883,0.0521,0.8593,0.0301,0.6466,0.0285,0.3716,0.0425,0.1652,0.0053,10
Random Forest,BorderlineSMOTE,0.7907,0.0181,0.6398,0.0178,0.5387,0.0314,0.6168,0.0374,0.4817,0.0494,0.87,0.0291,0.6461,0.0277,0.3811,0.034,0.1644,0.0043,10
Random Forest,SMOTE,0.7916,0.0169,0.6416,0.021,0.5382,0.0299,0.6282,0.0374,0.4733,0.0439,0.8786,0.0261,0.6439,0.0256,0.386,0.0349,0.1635,0.0039,10
Random Forest,SVMSMOTE,0.7957,0.0185,0.6498,0.0197,0.5431,0.0334,0.624,0.0432,0.4833,0.0451,0.8736,0.0292,0.6489,0.0271,0.3878,0.0429,0.1619,0.0038,10
XGBoost,ADASYN,0.7807,0.0239,0.6226,0.0518,0.5413,0.0737,0.5712,0.0644,0.5217,0.0978,0.8314,0.0429,0.6545,0.0617,0.3633,0.0827,0.1814,0.0234,10
XGBoost,BorderlineSMOTE,0.7672,0.0307,0.5992,0.0485,0.5444,0.0333,0.5438,0.051,0.5567,0.081,0.7929,0.0667,0.6607,0.0302,0.3501,0.0426,0.1904,0.0285,10
XGBoost,SMOTE,0.7917,0.0133,0.6456,0.0266,0.576,0.0456,0.585,0.0375,0.5733,0.0814,0.8243,0.0325,0.6852,0.0407,0.4006,0.0541,0.1779,0.0158,10
XGBoost,SVMSMOTE,0.7719,0.0325,0.613,0.0517,0.5746,0.0332,0.5487,0.0448,0.61,0.0639,0.7807,0.0543,0.688,0.0278,0.3816,0.0459,0.1948,0.032,10
