model,strategy,threshold_rule,AUROC,AUPRC,F1,Precision,Recall,Specificity,G-Mean,MCC,Brier,TP,FP,FN,TN,threshold,probability_brier_skill,probability_ece_equal_width,probability_mce_equal_width,probability_calibration_intercept,probability_calibration_slope,probability_calibration_in_the_large,ablation
CatBoost,SMOTE,fixed_0.50,0.7862,0.5595,0.5417,0.5201,0.5652,0.8519,0.6939,0.4051,0.1614,750.0,692.0,577.0,3981.0,0.5,0.06298223629038291,0.16143794172317302,0.23537419602761234,-0.9458499501414276,1.1170238446647138,-0.961982745812281,resampling_threshold_calibration
CatBoost,SMOTE,validation_f1,0.7862,0.5595,0.544,0.5455,0.5426,0.8716,0.6877,0.415,0.1614,720.0,600.0,607.0,4073.0,0.52,0.06298223629038291,0.16143794172317302,0.23537419602761234,-0.9458499501414276,1.1170238446647138,-0.961982745812281,resampling_threshold_calibration
CatBoost,SMOTE,isotonic_validation,0.7833,0.5336,0.5425,0.5495,0.5358,0.8752,0.6848,0.4148,0.135,711.0,583.0,616.0,4090.0,0.24,0.21628021786038742,0.013859527156050074,0.08478216083698686,-0.060512924075458836,0.9611093248932712,-0.01892480523679245,resampling_threshold_calibration
CatBoost,BorderlineSMOTE,fixed_0.50,0.7838,0.5469,0.5357,0.449,0.6639,0.7687,0.7144,0.3827,0.1776,881.0,1081.0,446.0,3592.0,0.5,-0.031261451054307665,0.19691015802318793,0.28307295706513336,-1.0695245625989958,1.3898545855016478,-1.065436492338223,resampling_threshold_calibration
CatBoost,BorderlineSMOTE,validation_f1,0.7838,0.5469,0.5374,0.4955,0.587,0.8303,0.6982,0.3939,0.1776,779.0,793.0,548.0,3880.0,0.55,-0.031261451054307665,0.19691015802318793,0.28307295706513336,-1.0695245625989958,1.3898545855016478,-1.065436492338223,resampling_threshold_calibration
CatBoost,BorderlineSMOTE,isotonic_validation,0.7826,0.5261,0.5367,0.4958,0.5848,0.8312,0.6972,0.3931,0.1364,776.0,789.0,551.0,3884.0,0.22,0.20789627216619022,0.01602268546993431,0.22239485457165725,-0.0989752341588882,0.9287058674330209,-0.023613006886350697,resampling_threshold_calibration
CatBoost,SVMSMOTE,fixed_0.50,0.7904,0.5591,0.5107,0.6098,0.4393,0.9202,0.6358,0.4077,0.1363,583.0,373.0,744.0,4300.0,0.5,0.20890680299993647,0.04580018340466021,0.21635618200164597,-0.38290870051514364,0.9318042354625914,-0.3342720094913344,resampling_threshold_calibration
CatBoost,SVMSMOTE,validation_f1,0.7904,0.5591,0.5535,0.5458,0.5614,0.8673,0.6978,0.4245,0.1363,745.0,620.0,582.0,4053.0,0.37,0.20890680299993647,0.04580018340466021,0.21635618200164597,-0.38290870051514364,0.9318042354625914,-0.3342720094913344,resampling_threshold_calibration
CatBoost,SVMSMOTE,isotonic_validation,0.787,0.5323,0.5543,0.5452,0.5637,0.8665,0.6989,0.4251,0.1337,748.0,624.0,579.0,4049.0,0.24,0.2235796175157604,0.014082508731292577,0.06842530174282219,-0.10084628521489729,0.9141811952053456,-0.011419425832090314,resampling_threshold_calibration
CatBoost,ADASYN,fixed_0.50,0.785,0.5526,0.5393,0.4869,0.6044,0.8192,0.7036,0.3939,0.1759,802.0,845.0,525.0,3828.0,0.5,-0.021189479856026816,0.1982583492901721,0.25377863275330614,-1.0460602302140858,1.4459197772197439,-1.0652856385999308,resampling_threshold_calibration
CatBoost,ADASYN,validation_f1,0.785,0.5526,0.5425,0.5274,0.5584,0.8579,0.6921,0.408,0.1759,741.0,664.0,586.0,4009.0,0.53,-0.021189479856026816,0.1982583492901721,0.25377863275330614,-1.0460602302140858,1.4459197772197439,-1.0652856385999308,resampling_threshold_calibration
CatBoost,ADASYN,isotonic_validation,0.7835,0.5273,0.5395,0.518,0.5629,0.8513,0.6922,0.4023,0.1362,747.0,695.0,580.0,3978.0,0.25,0.20908895374016845,0.021501780946382384,0.11170122449118297,-0.10262999704502479,0.9214003015429223,-0.018050790916536195,resampling_threshold_calibration
CatBoost,None,fixed_0.50,0.7962,0.5715,0.4743,0.6653,0.3685,0.9474,0.5908,0.3998,0.1325,489.0,246.0,838.0,4427.0,0.5,0.23092379830158538,0.011291434060047265,0.0771053028783153,-0.0008811085068159164,1.0054366704378916,-0.006687807248077994,resampling_threshold_calibration
CatBoost,None,validation_f1,0.7962,0.5715,0.5513,0.5215,0.5848,0.8476,0.704,0.4156,0.1325,776.0,712.0,551.0,3961.0,0.27,0.23092379830158538,0.011291434060047265,0.0771053028783153,-0.0008811085068159164,1.0054366704378916,-0.006687807248077994,resampling_threshold_calibration
CatBoost,None,isotonic_validation,0.7932,0.5426,0.553,0.527,0.5818,0.8517,0.7039,0.4188,0.133,772.0,693.0,555.0,3980.0,0.2,0.22805473567383616,0.013694981240379166,0.10000000000000006,-0.12161122518039705,0.8982329872447253,-0.014838260177383902,resampling_threshold_calibration
CatBoost,raw_features,validation_f1,0.7929,0.5688,0.5513,0.5168,0.5908,0.8431,0.7058,0.4144,0.1328,784.0,733.0,543.0,3940.0,0.26,,,,,,,feature_engineering
CatBoost,engineered_features,validation_f1,0.7954,0.5683,0.5518,0.5229,0.584,0.8487,0.704,0.4164,0.1326,775.0,707.0,552.0,3966.0,0.27,,,,,,,feature_engineering
