model_a,model_b,metric,difference_mean,ci_low,ci_high,bootstrap_reps
XGBoost,LightGBM,AUROC,0.0004621500000000017,-0.0014999999999999458,0.0023999999999999577,2000
XGBoost,LightGBM,AUPRC,0.0010569000000000002,-0.0027999999999999705,0.005099999999999993,2000
XGBoost,LightGBM,Brier,0.0004679500000000002,9.999999999998899e-05,0.0008000000000000229,2000
XGBoost,LightGBM,F1,-0.0016110000000000002,-0.006399999999999961,0.003400000000000014,2000
XGBoost,LightGBM,MCC,-0.00170215,-0.01050000000000001,0.007800000000000001,2000
XGBoost,CatBoost,AUROC,-0.00010844999999999833,-0.0023999999999999577,0.0021999999999999797,2000
XGBoost,CatBoost,AUPRC,-0.0009908999999999994,-0.005199999999999984,0.003202500000000021,2000
XGBoost,CatBoost,Brier,0.00010390000000000032,-0.0002999999999999947,0.0005000000000000004,2000
XGBoost,CatBoost,F1,-0.0034027500000000013,-0.007699999999999985,0.0010000000000000009,2000
XGBoost,CatBoost,MCC,-0.0053646499999999995,-0.013402499999999994,0.0030000000000000027,2000
XGBoost,Random Forest,AUROC,0.00273645,-0.0010999999999999899,0.006502499999999936,2000
XGBoost,Random Forest,AUPRC,0.008079450000000002,0.0015999999999999903,0.015000000000000013,2000
XGBoost,Random Forest,Brier,-0.0731488,-0.07819999999999999,-0.0683975,2000
XGBoost,Random Forest,F1,0.0031954499999999994,-0.002199999999999981,0.008502499999999994,2000
XGBoost,Random Forest,MCC,0.004074500000000001,-0.007099999999999996,0.014902499999999983,2000
XGBoost,Logistic Reg.,AUROC,0.0042703,-0.0007000000000000339,0.00930250000000007,2000
XGBoost,Logistic Reg.,AUPRC,0.0053646000000000015,-0.002599999999999991,0.013702500000000032,2000
XGBoost,Logistic Reg.,Brier,-0.07474855,-0.07979999999999998,-0.07,2000
XGBoost,Logistic Reg.,F1,-0.00024385000000000024,-0.007199999999999984,0.0069999999999999524,2000
XGBoost,Logistic Reg.,MCC,0.0007652999999999999,-0.012202499999999988,0.014000000000000012,2000
XGBoost,TabNet,AUROC,-0.0005447499999999992,-0.0050000000000000044,0.0042999999999999705,2000
XGBoost,TabNet,AUPRC,0.0009514500000000008,-0.007702500000000038,0.009699999999999988,2000
XGBoost,TabNet,Brier,0.0014624000000000002,0.0005000000000000004,0.0023999999999999855,2000
XGBoost,TabNet,F1,-0.0032251000000000003,-0.009702500000000041,0.0034025,2000
XGBoost,TabNet,MCC,-0.004588150000000001,-0.016699999999999993,0.008000000000000007,2000
LightGBM,CatBoost,AUROC,-0.0005706,-0.0026999999999999247,0.0015000000000000568,2000
LightGBM,CatBoost,AUPRC,-0.0020478,-0.006000000000000005,0.0016999999999999793,2000
LightGBM,CatBoost,Brier,-0.0003640499999999999,-0.0007999999999999952,0.0,2000
LightGBM,CatBoost,F1,-0.0017917500000000008,-0.006699999999999984,0.0026024999999999772,2000
LightGBM,CatBoost,MCC,-0.0036624999999999995,-0.012699999999999989,0.004502499999999991,2000
LightGBM,Random Forest,AUROC,0.002274299999999998,-0.0008000000000000229,0.005499999999999949,2000
LightGBM,Random Forest,AUPRC,0.007022550000000001,0.0015974999999999906,0.012800000000000034,2000
LightGBM,Random Forest,Brier,-0.07361675,-0.0786,-0.0688,2000
LightGBM,Random Forest,F1,0.00480645,-0.0015999999999999916,0.011099999999999999,2000
LightGBM,Random Forest,MCC,0.00577665,-0.006502500000000006,0.017902499999999984,2000
LightGBM,Logistic Reg.,AUROC,0.0038081499999999984,-0.0012999999999999678,0.009000000000000008,2000
LightGBM,Logistic Reg.,AUPRC,0.0043077,-0.0040999999999999925,0.013102499999999987,2000
LightGBM,Logistic Reg.,Brier,-0.07521649999999999,-0.08020250000000002,-0.07039999999999999,2000
LightGBM,Logistic Reg.,F1,0.0013671500000000001,-0.005599999999999994,0.008100000000000052,2000
LightGBM,Logistic Reg.,MCC,0.0024674499999999995,-0.010199999999999987,0.014899999999999997,2000
LightGBM,TabNet,AUROC,-0.001006900000000001,-0.005302500000000079,0.0032999999999999696,2000
LightGBM,TabNet,AUPRC,-0.00010544999999999962,-0.008602499999999996,0.008099999999999996,2000
LightGBM,TabNet,Brier,0.0009944499999999998,0.00020000000000000573,0.0018000000000000238,2000
LightGBM,TabNet,F1,-0.0016141,-0.008000000000000007,0.004799999999999973,2000
LightGBM,TabNet,MCC,-0.002886,-0.014602500000000001,0.00880249999999999,2000
CatBoost,Random Forest,AUROC,0.0028448999999999983,-0.0006000000000000449,0.006399999999999961,2000
CatBoost,Random Forest,AUPRC,0.00907035,0.0029000000000000137,0.015500000000000014,2000
CatBoost,Random Forest,Brier,-0.0732527,-0.07819999999999999,-0.06840000000000002,2000
CatBoost,Random Forest,F1,0.0065982,0.0005999999999999894,0.012500000000000011,2000
CatBoost,Random Forest,MCC,0.00943915,-0.0022050000000000073,0.02099999999999999,2000
CatBoost,Logistic Reg.,AUROC,0.004378749999999998,-0.00019999999999997797,0.009000000000000008,2000
CatBoost,Logistic Reg.,AUPRC,0.0063555,-0.0010000000000000009,0.014000000000000012,2000
CatBoost,Logistic Reg.,Brier,-0.07485245,-0.07980250000000001,-0.07009750000000001,2000
CatBoost,Logistic Reg.,F1,0.003158900000000001,-0.0028999999999999595,0.00990000000000002,2000
CatBoost,Logistic Reg.,MCC,0.00612995,-0.005102499999999993,0.0184,2000
CatBoost,TabNet,AUROC,-0.0004363000000000008,-0.0044000000000000705,0.0036000000000000476,2000
CatBoost,TabNet,AUPRC,0.0019423500000000002,-0.006199999999999983,0.010099999999999998,2000
CatBoost,TabNet,Brier,0.0013585,0.0004999999999999998,0.0022000000000000075,2000
CatBoost,TabNet,F1,0.0001776500000000007,-0.005699999999999985,0.006299999999999972,2000
CatBoost,TabNet,MCC,0.0007764999999999997,-0.010202500000000014,0.011999999999999983,2000
Random Forest,Logistic Reg.,AUROC,0.0015338500000000002,-0.0045999999999999375,0.007502500000000046,2000
Random Forest,Logistic Reg.,AUPRC,-0.0027148500000000004,-0.01200000000000001,0.006799999999999973,2000
Random Forest,Logistic Reg.,Brier,-0.0015997499999999994,-0.0030999999999999925,-9.999999999998899e-05,2000
Random Forest,Logistic Reg.,F1,-0.0034392999999999993,-0.011799999999999977,0.004702499999999968,2000
Random Forest,Logistic Reg.,MCC,-0.0033092000000000004,-0.018502500000000015,0.011899999999999994,2000
Random Forest,TabNet,AUROC,-0.0032811999999999993,-0.008399999999999963,0.0014999999999999458,2000
Random Forest,TabNet,AUPRC,-0.007128,-0.016402499999999973,0.0017000000000000348,2000
Random Forest,TabNet,Brier,0.0746112,0.07,0.07930000000000001,2000
Random Forest,TabNet,F1,-0.00642055,-0.014000000000000012,0.0010999999999999899,2000
Random Forest,TabNet,MCC,-0.00866265,-0.022499999999999992,0.005404999999999961,2000
Logistic Reg.,TabNet,AUROC,-0.0048150499999999995,-0.010099999999999998,0.0006025000000000283,2000
Logistic Reg.,TabNet,AUPRC,-0.00441315,-0.013399999999999967,0.00489999999999996,2000
Logistic Reg.,TabNet,Brier,0.07621095,0.0716,0.08099999999999999,2000
Logistic Reg.,TabNet,F1,-0.0029812500000000004,-0.010199999999999987,0.004500000000000004,2000
Logistic Reg.,TabNet,MCC,-0.005353449999999999,-0.0184025,0.008002499999999994,2000
