model,perturbation,level,seed,AUROC,AUPRC,F1,Precision,Recall,Specificity,G-Mean,MCC,Brier,TP,FP,FN,TN,threshold,mean_abs_probability_shift,decision_flip_rate,AUROC_retention,Brier_retention
XGBoost,none,0.0,99,0.6793285743173977,0.14027043025215064,0.20564149226569609,0.14675324675324675,0.34346504559260077,0.8312355509889332,0.5343223338197689,0.1212701131473913,0.07049395143985748,113,657,216,3236,0.14,0.0,0.0,1.0,1.0
XGBoost,missingness,0.05,99,0.6746767832841583,0.1395975024555402,0.20738137082601055,0.14585908529048208,0.3586626139816539,0.8225019265347849,0.5431396606545247,0.12338743687577224,0.07067643851041794,118,691,211,3202,0.14,0.006633859593421221,0.03055423969682615,0.9931523695467784,0.9974113088168118
XGBoost,missingness,0.1,99,0.6691911364564408,0.13476575616381595,0.20151133501259447,0.13921113689095127,0.36474164133727516,0.8094014898535625,0.5433437474656576,0.11580391136858804,0.07102745771408081,120,742,209,3151,0.14,0.011784885078668594,0.05542396968261488,0.9850772685792833,0.9924318858096854
XGBoost,missingness,0.2,99,0.6573079106212774,0.12880613930652077,0.19402985074626866,0.12858555885262116,0.39513677811538145,0.7736963781145447,0.5529158110306859,0.10604792119216282,0.07164106518030167,130,881,199,3012,0.14,0.020629025995731354,0.10113690194220748,0.9675846644339271,0.9837274870110969
XGBoost,correlated_missingness,0.05,99,0.6657971559895908,0.13388471731737642,0.19070133963750985,0.12872340425531914,0.3677811550150858,0.7896223991779915,0.5388953868752866,0.10141950119082781,0.0710730254650116,121,819,208,3074,0.14,0.004356073215603828,0.04026527711984841,0.98008118775012,0.9917854792740884
XGBoost,correlated_missingness,0.1,99,0.6487589368182469,0.12671754200598087,0.17541436464088397,0.11349419124218052,0.38601823708194954,0.7451836629848254,0.5363343023597055,0.07968459034991858,0.0718417763710022,127,992,202,2901,0.14,0.008930560201406479,0.08408337280909521,0.9550002183702229,0.9808802754900947
XGBoost,correlated_missingness,0.2,99,0.6184738877433349,0.11693389762819409,0.16080402010050251,0.09849521203830369,0.4376899696047302,0.6614436167479922,0.5380587667807964,0.05585122993288167,0.0731426402926445,144,1318,185,2575,0.14,0.018334433436393738,0.16674561819043107,0.9104193627727043,0.9624267217443929
XGBoost,numeric_noise,0.05,99,0.5958063611954119,0.0956782921273148,0.14678899082568808,0.07922705314009662,0.9969604863218855,0.020806575905470824,0.14402546314249928,0.03451029545907989,0.5563538074493408,328,3812,1,81,0.14,0.651589572429657,0.7981999052581715,0.8770518181045004,-5.892220482547341
XGBoost,numeric_noise,0.1,99,0.5993459541207545,0.09733304981892894,0.14692049272116461,0.07930367504835589,0.9969604863218855,0.02183406113537062,0.14753879560271893,0.0356642038288913,0.5544517040252686,328,3808,1,85,0.14,0.65028315782547,0.7972524869729986,0.8822622465468772,-5.86523797716608
XGBoost,numeric_noise,0.2,99,0.585582648928753,0.09657546117656318,0.14676840215439857,0.07923431063726678,0.9939209726440749,0.023889031595170206,0.15409026419146865,0.03219030833484938,0.5227568745613098,327,3800,2,93,0.14,0.6222572922706604,0.7951207958313595,0.8620020871596011,-5.415627353607839
XGBoost,covariate_shift,0.05,99,0.6808791713284774,0.14125920336712244,0.2082912032355915,0.1249241964827168,0.6261398176289891,0.6293347033136237,0.6277352279109293,0.140364577689517,0.07370873540639877,206,1443,123,2450,0.14,0.03700990229845047,0.20819516816674563,1.0022825434844072,0.9543963148486008
XGBoost,covariate_shift,0.1,99,0.6788929080876985,0.14191335647574022,0.21098265895953758,0.12535775615340583,0.6656534954405272,0.6075006421782531,0.6359126716368523,0.1486667611867513,0.07416641712188721,219,1528,110,2365,0.14,0.04129709303379059,0.2318806252960682,0.9993586811358011,0.9479038185969343
XGBoost,covariate_shift,0.2,99,0.6653357245527589,0.13758698719427834,0.1879460745440127,0.10807113543091655,0.7203647416411184,0.4975597225789751,0.5986856278604239,0.11691919011747579,0.0776553824543953,237,1956,92,1937,0.14,0.0608648955821991,0.33799147323543344,0.9794019414262104,0.8984107023614977
LightGBM,none,0.0,99,0.6787570551773622,0.14682227727503488,0.20009713453132588,0.11907514450867052,0.6261398176289891,0.6085281274081529,0.6172711646573579,0.12790774739100005,0.07029458140942717,206,1524,123,2369,0.06,0.0,0.0,1.0,1.0
LightGBM,missingness,0.05,99,0.67095019741614,0.1431670712119464,0.1999074502545118,0.11790393013100436,0.6565349544070953,0.5848959671204577,0.6196810849996339,0.13057840449225694,0.07043409312976551,216,1616,113,2277,0.06,0.00904578914398687,0.06300331596399811,0.9884983033300742,0.9980153275324913
LightGBM,missingness,0.1,99,0.6648742931159272,0.1388730486317047,0.19801980198019803,0.1162176439513999,0.6686930091183378,0.5702543025943856,0.6175152350869725,0.12879003120333934,0.07073106918808798,220,1673,109,2220,0.06,0.01517008906652067,0.10966366650876362,0.9795467878299882,0.9937905913953948
LightGBM,missingness,0.2,99,0.6503122665028104,0.12926607136485513,0.18048780487804877,0.10417644298451431,0.6747720364739591,0.5096326740302978,0.5864178350878266,0.0988651933883185,0.07133133276911387,222,1909,107,1984,0.06,0.025057187905687856,0.18261487446707722,0.9580928279749239,0.9852513331909867
LightGBM,correlated_missingness,0.05,99,0.6671346044689361,0.13508024479060515,0.1952799629801018,0.11517467248908297,0.6413373860180421,0.5836116105830829,0.6117940378764196,0.1216641219047749,0.07112122579747979,211,1621,118,2272,0.06,0.005948425188993467,0.02936996684036002,0.9828768620233508,0.9882402829424665
LightGBM,correlated_missingness,0.1,99,0.6510496979615037,0.12449736700472103,0.18851380973257342,0.11014344262295082,0.6534954407292847,0.5538145389159889,0.6015939462720596,0.11145704497635882,0.07195022906169006,215,1737,114,2156,0.06,0.011619364239105048,0.06252960682141165,0.9591792718697879,0.976447008872282
LightGBM,correlated_missingness,0.2,99,0.6227458371623293,0.11129344749887932,0.17716535433070865,0.10176390773405698,0.6838905775073909,0.4898535833547267,0.5787972443045396,0.09325024083535473,0.07332560391501684,225,1986,104,1907,0.06,0.02343179315161471,0.13098057792515397,0.9174797262322425,0.956881135859738
LightGBM,numeric_noise,0.05,99,0.6105042407188648,0.10672131963839143,0.14493392070484581,0.0781287105200665,0.9999999999996961,0.002825584382224433,0.053156226184931286,0.014857969721628837,0.8256857740025181,329,3882,0,11,0.06,0.8704659235058116,0.5876361913784937,0.8994444124920917,-9.746079960180058
LightGBM,numeric_noise,0.1,99,0.6088248176721213,0.1080948689244149,0.14502975534494159,0.07818441064638783,0.9999999999996961,0.003596198304649278,0.0599683108370428,0.01676802448163021,0.8223856062374557,329,3879,0,14,0.06,0.8674524409901444,0.586925627664614,0.8969701501121528,-9.699132276604837
LightGBM,numeric_noise,0.2,99,0.5962631080491287,0.10822448058120235,0.14506172839506173,0.07820299500831947,0.9999999999996961,0.0038530696121242265,0.06207309894087015,0.01735861698533803,0.8014394567471855,329,3878,0,15,0.06,0.8528887995300142,0.5866887730933207,0.8784632196468626,-9.401155546815803
LightGBM,covariate_shift,0.05,99,0.6806465037004303,0.14271905881637234,0.17557251908396945,0.09717257068573286,0.9088145896653773,0.28641150783456754,0.5101910984798878,0.1177095047198518,0.07856912769774116,299,2778,30,1115,0.06,0.07556817438216268,0.3247276172430128,1.0027836889630184,0.8822875658065403
LightGBM,covariate_shift,0.1,99,0.6785821640744005,0.13833834352315186,0.17345750873108265,0.09591245574509173,0.9057750759875667,0.2784484973028441,0.5022068386662087,0.11201528607363347,0.0791560005218034,298,2809,31,1084,0.06,0.07768392442065823,0.32899099952629085,0.9997423362282165,0.8739388024695196
LightGBM,covariate_shift,0.2,99,0.6722696883268777,0.13974010145679797,0.16733708769107,0.09176470588235294,0.9483282674769155,0.2067814025173335,0.4428280131108573,0.10500347149146876,0.0854325842166134,312,3088,17,805,0.06,0.10520095439308738,0.39744197063003317,0.9904422844654053,0.7846490795781866
CatBoost,none,0.0,99,0.6717801493913556,0.1360744018089375,0.16286644951140064,0.17543859649122806,0.15197568389053132,0.9396352427433614,0.3778911332957784,0.09787736960531325,0.07044286396160303,50,235,279,3658,0.15,0.0,0.0,1.0,1.0
CatBoost,missingness,0.05,99,0.6466036382033999,0.11621648519625333,0.16251638269986893,0.14285714285714285,0.18844984802425885,0.9044438736192935,0.41284659442706784,0.08199297858975328,0.07291651708374941,62,372,267,3521,0.15,0.015071264898889533,0.04950260540028423,0.9625226925642772,0.9648842624641906
CatBoost,missingness,0.1,99,0.6319385507617522,0.10801747565222096,0.13974799541809851,0.11213235294117647,0.1854103343464482,0.8759311584895741,0.4029971326945437,0.04907826253979793,0.0748560298574743,61,483,268,3410,0.15,0.02656083746051395,0.08597820937944102,0.9406925038411741,0.9373511290188768
CatBoost,missingness,0.2,99,0.6163006315598802,0.10193250123024616,0.15069767441860465,0.10857908847184987,0.24620060790266074,0.8291805805291336,0.45182381852593145,0.052977789489643747,0.07746974245422444,81,665,248,3228,0.15,0.04342753520345036,0.1395073424917101,0.9174141750366683,0.9002471208942949
CatBoost,correlated_missingness,0.05,99,0.6597782474506109,0.1298870340328009,0.1553398058252427,0.16608996539792387,0.14589665653491007,0.9380940148985117,0.36995240273459906,0.08915799826556453,0.07069646412367533,48,241,281,3652,0.15,0.003290436712012513,0.007579346281383231,0.9821341819170771,0.9963999169282706
CatBoost,correlated_missingness,0.1,99,0.6440724017935706,0.12352835207502173,0.14992025518341306,0.15771812080536912,0.14285714285709944,0.9355253018237623,0.3655769025650667,0.08203257118651375,0.0710112499683331,47,251,282,3642,0.15,0.006822282407163801,0.014448128848886783,0.9587547389977381,0.9919312478970206
CatBoost,correlated_missingness,0.2,99,0.6221676815295477,0.1159294251637924,0.13291139240506328,0.13861386138613863,0.12765957446804632,0.9329565887490128,0.34510989715865736,0.06295346638112381,0.07144584836940815,42,261,287,3632,0.15,0.013710887896948692,0.028422548555187114,0.9261477614264763,0.9857617315452729
CatBoost,numeric_noise,0.05,99,0.5814832483211626,0.10173677064850702,0.14471079832856829,0.07799905168326221,0.9999999999996961,0.0010274852298997937,0.032054410459396714,0.008952255221492775,0.8697437770427178,329,3889,0,4,0.15,0.8999384279900444,0.9315490288962577,0.8655856366818765,-10.346797505518762
CatBoost,numeric_noise,0.1,99,0.5864098682304847,0.1043650079152483,0.14474263088429387,0.07801754801991938,0.9999999999996961,0.0012843565373747423,0.03583792038294566,0.010010112278557814,0.8719352267717764,329,3888,0,5,0.15,0.9013736423937406,0.9313121743249645,0.8729193155852881,-10.377907111315782
CatBoost,numeric_noise,0.2,99,0.577809754395115,0.10517900654412071,0.14467897977132807,0.07798056411471913,0.9999999999996961,0.0007706139224248453,0.027759933761171175,0.0077519615830670486,0.8593351437631999,329,3890,0,3,0.15,0.8926938591641389,0.9317858834675509,0.8601173388624547,-10.199037566553313
CatBoost,covariate_shift,0.05,99,0.6817333269831207,0.14491591439096455,0.19972514887769124,0.11758360302049622,0.6626139817627166,0.5797585409709587,0.6198032875789785,0.1309115063432811,0.08041795713225702,218,1636,111,2257,0.15,0.09151364889867514,0.37257224064424443,1.0148161234010604,0.8583945539736826
CatBoost,covariate_shift,0.1,99,0.6760353123875211,0.14118450071594815,0.19436008676789587,0.11336032388663968,0.6808510638295803,0.5499614693038646,0.6119165396039032,0.12399414894320968,0.08208255490995209,224,1752,105,2141,0.15,0.09867995963061305,0.401468498342018,1.0063341600671303,0.8347640868961033
CatBoost,covariate_shift,0.2,99,0.6685009412108243,0.1345690300403835,0.1886933732684388,0.107600341588386,0.7659574468082778,0.46313896737733207,0.5956045172509721,0.12356232526557054,0.0884395872989356,252,2090,77,1803,0.15,0.12162531964750099,0.4881572714353387,0.9951186289390922,0.7445202774955002
Random Forest,none,0.0,99,0.6709447320691726,0.15035187959898627,0.19405940594059407,0.11156648451730419,0.7446808510636035,0.49884407911634987,0.6094912906550863,0.13066151514323923,0.10567709025017422,245,1951,84,1942,0.26,0.0,0.0,1.0,1.0
Random Forest,missingness,0.05,99,0.6673571221669008,0.15262212734772054,0.1908745247148289,0.10908300738809214,0.7629179331304672,0.47341381967633,0.6009791118024531,0.1272155603128868,0.10764071871488468,251,2050,78,1843,0.26,0.012713551980542295,0.05376598768356229,0.9946528980245396,0.9814185982973048
Random Forest,missingness,0.1,99,0.6528567758981323,0.14559906149173193,0.18683339463037882,0.10627615062761506,0.7720364741638991,0.4513228872334844,0.5902861429588283,0.12080436447473636,0.11007484312249863,254,2136,75,1757,0.26,0.022325244492164043,0.09805779251539555,0.9730410638812863,0.9583849927934862
Random Forest,missingness,0.2,99,0.6520658621155422,0.14081703647081134,0.17854718262050237,0.10049675200611387,0.7993920972641947,0.39532494220394565,0.5621562368677044,0.10752383083862382,0.11403642978929694,263,2354,66,1539,0.26,0.0361398445662467,0.16556134533396494,0.9718622577221695,0.9208973343291977
Random Forest,correlated_missingness,0.05,99,0.6572532571516017,0.14493955555092453,0.1881453154875717,0.10761154855643044,0.7477203647414141,0.4759825327510795,0.596575085801594,0.12034303793679256,0.1087736794446081,246,2040,83,1853,0.26,0.007057209598154119,0.02510658455708195,0.979593736617699,0.9706976300435299
Random Forest,correlated_missingness,0.1,99,0.6487632310194356,0.13884812077131545,0.18422991893883567,0.10482180293501048,0.7598784194526566,0.4515797585409594,0.5857864057631557,0.11433149090912924,0.11177747189678325,250,2135,79,1758,0.26,0.014255612098656832,0.050923732828043584,0.9669398983410601,0.9422733760726443
Random Forest,correlated_missingness,0.2,99,0.6207611354492554,0.12268618230335948,0.17358747447243023,0.09773859716366425,0.7750759878417097,0.39532494220394565,0.553540305756672,0.09400650104700872,0.11864828807530153,255,2354,74,1539,0.26,0.02894444391374976,0.10729512079583135,0.9252045746522928,0.8772562927838001
Random Forest,numeric_noise,0.05,99,0.6648961545037972,0.13411375518529936,0.1928895612708018,0.1101511879049676,0.7750759878417097,0.4708451066015805,0.6041032495523055,0.13246010335272937,0.1078975374451653,255,2060,74,1833,0.26,0.020082764874775578,0.08550450023685457,0.9909849838946917,0.9789883768588394
Random Forest,numeric_noise,0.1,99,0.6587929234687464,0.13309817278118968,0.18807848944835245,0.10708263069139966,0.7720364741638991,0.45594657076803347,0.5933021008751556,0.12316845508791778,0.1095641520750877,254,2118,75,1775,0.26,0.029418556060178333,0.13027001421127427,0.9818885103055353,0.9632175543846688
Random Forest,numeric_noise,0.2,99,0.6478130414109339,0.12825206899392175,0.1811188811188811,0.10233109442907941,0.7872340425529523,0.41638838941689144,0.5725339422888152,0.11139043362949669,0.11293816516978192,259,2272,70,1621,0.26,0.04203040483097373,0.18640454760776884,0.9655237018004429,0.9312899806153043
Random Forest,covariate_shift,0.05,99,0.668231577681709,0.14744955865474177,0.18340306834030684,0.10358408822371012,0.7993920972641947,0.4153609041869916,0.5762258448903446,0.11757256277390356,0.11197151936210734,263,2276,66,1617,0.26,0.021813016594898763,0.08976788252013264,0.9959562177661098,0.9404371458654659
Random Forest,covariate_shift,0.1,99,0.6686164942609952,0.14579583681152308,0.1806914546640574,0.10120569967117282,0.8419452887535435,0.36809658361160114,0.55670206069141,0.11790857925417393,0.11576972470951867,277,2460,52,1433,0.26,0.03064101027375736,0.13524396020843202,0.9965299111880689,0.9044955303419909
Random Forest,covariate_shift,0.2,99,0.6543402272178963,0.13047395652483218,0.1755485893416928,0.09786787836420832,0.8510638297869754,0.33701515540713234,0.5355571013972709,0.10786795173650893,0.11989907222324593,280,2581,49,1312,0.26,0.039773794734810464,0.16556134533396494,0.9752520527285928,0.865420386392137
Logistic Reg.,none,0.0,99,0.6777248853643474,0.13284414211077306,0.2023701002734731,0.14453125,0.33738601823697956,0.8312355509889332,0.5295727077231019,0.11716867016536166,0.12407618940795716,111,657,218,3236,0.41000000000000003,0.0,0.0,1.0,1.0
Logistic Reg.,missingness,0.05,99,0.6665037472761102,0.12909222179032587,0.19382504288164665,0.13500597371565112,0.34346504559260077,0.8140251733881116,0.5287619438757601,0.10588920121713394,0.12766681517966982,113,724,216,3169,0.41000000000000003,0.020060620938300012,0.05139744197063003,0.9834429304123831,0.9710611214863567
Logistic Reg.,missingness,0.1,99,0.6591848669227051,0.12355300420085323,0.18739635157545606,0.12884834663625996,0.34346504559260077,0.8037503210891137,0.525414256256851,0.09727370060098392,0.13090744772494237,113,764,216,3129,0.41000000000000003,0.034877567055839276,0.0821885362387494,0.9726437396028698,0.9449430358106475
Logistic Reg.,missingness,0.2,99,0.6464318701558484,0.11714130823802649,0.1885369532428356,0.12537612838515547,0.3799392097263283,0.7760082198818192,0.5429879831110751,0.09842511550451342,0.13718874876019418,125,872,204,3021,0.41000000000000003,0.05548719857714864,0.1333491236380862,0.9538263742644247,0.8943184875776327
Logistic Reg.,correlated_missingness,0.05,99,0.667898972280541,0.1280385858706562,0.1913632514817951,0.13262910798122066,0.34346504559260077,0.8101721037759874,0.5275090506913344,0.10261282484763352,0.1274704824767195,113,739,216,3154,0.41000000000000003,0.00838257218387966,0.026054002842254856,0.9855016197634178,0.9726434774878358
Logistic Reg.,correlated_missingness,0.1,99,0.6577888611544218,0.12293052585224792,0.18225039619651348,0.1232583065380493,0.34954407294822204,0.7898792704854665,0.5254499189674124,0.09007471264556383,0.1310716254359492,115,818,214,3075,0.41000000000000003,0.016762890933471976,0.052344860255802934,0.9705838982152649,0.9436198350274012
Logistic Reg.,correlated_missingness,0.2,99,0.6315169382813982,0.113857972601595,0.16583982990786675,0.10813308687615526,0.3556231003038433,0.752119188286649,0.5171759444681358,0.0661527484765401,0.13810005348825882,117,965,212,2928,0.41000000000000003,0.03342766552633443,0.09995262908574136,0.9318190196629601,0.8869737687205093
Logistic Reg.,numeric_noise,0.05,99,0.6760852812740819,0.13230565916761144,0.20159151193633953,0.14214463840399003,0.3465045592704114,0.8232725404572098,0.5341045672811247,0.11601630352484253,0.12529525628271102,114,688,215,3205,0.41000000000000003,0.008044364802873372,0.021316911416390336,0.9975807232024776,0.9901748523985886
Logistic Reg.,numeric_noise,0.1,99,0.6730769981503704,0.1317030260975956,0.21294718909710392,0.14792899408284024,0.3799392097263283,0.8150526586180115,0.5564804246338501,0.13063596766933736,0.12685743501381702,125,720,204,3173,0.41000000000000003,0.01609221516534931,0.04571293225959261,0.9931419262973082,0.9775843728024621
Logistic Reg.,numeric_noise,0.2,99,0.6643730427226172,0.12965203063506875,0.2020850040096231,0.13725490196078433,0.3829787234041389,0.7965579244798151,0.5523266579070125,0.1166680403449845,0.1311751800026546,126,792,203,3101,0.41000000000000003,0.032180588088517384,0.08289909995262909,0.9802990226121737,0.9427852303607079
Logistic Reg.,covariate_shift,0.05,99,0.6776796010609019,0.13285481894316317,0.20365535248041775,0.14268292682926828,0.3556231003038433,0.8194194708450856,0.5398189443426973,0.11860684508573491,0.12636727042350143,117,703,212,3190,0.41000000000000003,0.0048205434568679515,0.01231643770724775,0.9999331818789254,0.9815348857304821
Logistic Reg.,covariate_shift,0.1,99,0.67747347940384,0.13279895878303527,0.1991701244813278,0.136986301369863,0.36474164133727516,0.8058052915489132,0.5421353563805004,0.11273766690739653,0.12872605969248954,120,756,209,3137,0.41000000000000003,0.00968545192291627,0.025580293699668404,0.9996290442243798,0.9625240724532262
Logistic Reg.,covariate_shift,0.2,99,0.6771525854604594,0.13272162963503503,0.197869101978691,0.1319796954314721,0.39513677811538145,0.7803750321088934,0.5552971059794887,0.11123898857055253,0.1336461447854623,130,855,199,3038,0.41000000000000003,0.019539811148491338,0.05139744197063003,0.9991555571940076,0.9228703313410155
TabNet,none,0.0,99,0.6146582947961309,0.11503605688181504,0.15286624203821655,0.13157894736842105,0.18237082066863758,0.8982789622398947,0.4047466757529476,0.06964994444664116,0.10014845430850983,60,396,269,3497,0.03,0.0,0.0,1.0,1.0
TabNet,missingness,0.05,99,0.6138064814330452,0.11970198163412929,0.16321243523316062,0.14221218961625282,0.19148936170206945,0.9023889031594939,0.4156896379187748,0.08211356275371055,0.10089494287967682,63,380,266,3513,0.03,0.018136588856577873,0.031501657981999054,0.9986141676272859,0.9925461798055573
TabNet,missingness,0.1,99,0.600740788743259,0.11178077319134996,0.14910025706940874,0.1291759465478842,0.17629179331301634,0.8995633187772695,0.39822811385668566,0.0659566261356366,0.10217439383268356,58,391,271,3502,0.03,0.030499732121825218,0.05613453339649455,0.9773573281761567,0.9797706361205258
TabNet,missingness,0.2,99,0.6014102937467842,0.10550936440242516,0.14454976303317535,0.11844660194174757,0.1854103343464482,0.8833804264063477,0.40470712894031025,0.0563449964173111,0.10646092146635056,61,454,268,3439,0.03,0.05067894607782364,0.09024159166271908,0.9784465593948574,0.9369689008040503
TabNet,correlated_missingness,0.05,99,0.6117636128129594,0.11291255590143537,0.14950980392156862,0.12525667351129363,0.1854103343464482,0.8905728230156462,0.4063513318240648,0.06375991114744065,0.10344665497541428,61,426,268,3467,0.03,0.008167794905602932,0.014448128848886783,0.9952905833897002,0.9670668839606424
TabNet,correlated_missingness,0.1,99,0.6020630123274805,0.10820767815710503,0.13801169590643275,0.11216730038022814,0.17933130699082694,0.8800410994091734,0.3972642956051945,0.04819100118193085,0.10756764560937881,59,467,270,3426,0.03,0.017952019348740578,0.03173851255329228,0.9795084804430598,0.9259180648159183
TabNet,correlated_missingness,0.2,99,0.5778538675527816,0.09757680676941838,0.13114754098360656,0.10238907849829351,0.18237082066863758,0.8648856922681514,0.3971522547883941,0.036638786185240906,0.11336855590343475,60,526,269,3367,0.03,0.03580113872885704,0.06631927996210327,0.940122133622948,0.8679949512330957
TabNet,numeric_noise,0.05,99,0.6170626570799276,0.11557930253545923,0.15577889447236182,0.13276231263383298,0.18844984802425885,0.8959671204726202,0.41090737117724974,0.07214504223670108,0.10046420991420746,62,405,267,3488,0.03,0.009836526587605476,0.015395547134059688,1.0039117055836595,0.996847124522512
TabNet,numeric_noise,0.1,99,0.6175521960154498,0.1162752255738097,0.1575,0.1337579617834395,0.19148936170206945,0.8951965065501953,0.41402971830198293,0.07380817528597701,0.10126712918281555,63,408,266,3485,0.03,0.019526982679963112,0.030080530554239697,1.0047081463698113,0.9888298338498603
TabNet,numeric_noise,0.2,99,0.6117206708010715,0.11683962885212794,0.15873015873015872,0.1326530612244898,0.19756838905769072,0.8908296943231212,0.41952328616201284,0.07397996851741916,0.10273291170597076,65,425,264,3468,0.03,0.0356643870472908,0.0611084793936523,0.9952207201628448,0.9741937365353692
TabNet,covariate_shift,0.05,99,0.6150131519670954,0.11467210269304813,0.15233415233415235,0.12783505154639174,0.18844984802425885,0.891343436938071,0.4098457456512145,0.06707706897632218,0.10221108794212341,62,423,267,3470,0.03,0.0070343343541026115,0.010658455708195168,1.0005773243019231,0.9794042389585006
TabNet,covariate_shift,0.1,99,0.6144041561621396,0.11373409110326821,0.14354066985645933,0.11834319526627218,0.18237082066863758,0.8851785255586724,0.401784437409402,0.055702913625758646,0.10459527373313904,60,447,269,3446,0.03,0.014211696572601795,0.02392231170061582,0.9995865367210646,0.9555977228472177
TabNet,covariate_shift,0.2,99,0.6121442351910569,0.11424869717224959,0.1575492341356674,0.12307692307692308,0.2188449848023651,0.8682250192653258,0.43589756955752046,0.06755525412385022,0.10985545814037323,72,513,257,3380,0.03,0.028980279341340065,0.050923732828043584,0.995909825627737,0.9030738527230712
