model,group_column,status,selection_source,oof_target_tpr,oof_tpr_gap,oof_utility,oof_feasible,max_tpr_gap_constraint,reference_threshold_rule,reference_threshold,reference_test_accuracy,reference_test_utility,reference_test_tpr_gap,reference_test_fpr_gap,reference_test_selection_gap,test_accuracy_change,test_utility_change,test_tpr_gap_change,thresholds_by_group_json,test_accuracy,test_f1,test_brier,test_utility,test_tpr_gap,test_fpr_gap,test_selection_gap,test_confusion_tn,test_confusion_fp,test_confusion_fn,test_confusion_tp,test_max_group_gap,fallback_group_count
XGBoost,personal_status_sex,evaluated,oof_predictions,0.9,0.02011494252873558,-0.2225,True,0.1,oof_f1_global_threshold,0.32,0.75,-0.225,0.2962962962962963,0.4166666666666667,0.421256038647343,-0.125,-0.07499999999999998,-0.03703703703703698,"{""1"": 0.23670004010200502, ""2"": 0.18735108613967896, ""3"": 0.21082864224910736, ""4"": 0.19944391310214996}",0.625,0.576271186440678,0.15655848829783625,-0.3,0.2592592592592593,0.5833333333333334,0.38454106280193234,74,66,9,51,0.5833333333333334,0
XGBoost,foreign_worker,evaluated,oof_predictions,0.91,0.08898305084745761,-0.26,True,0.1,oof_f1_global_threshold,0.32,0.75,-0.225,,0.08148148148148149,0.24615384615384617,-0.21999999999999997,-0.11999999999999997,,"{""1"": 0.2249268762767315, ""2"": 0.16283630691468715}",0.53,0.53,0.15655848829783625,-0.345,,0.43703703703703706,0.5128205128205128,53,87,7,53,0.5128205128205128,0
XGBoost,age_group,evaluated,oof_predictions,0.87,0.005681818181818232,-0.25125,True,0.1,oof_f1_global_threshold,0.32,0.75,-0.225,0.005681818181818232,0.3445378151260504,0.2891726081910131,-0.12,-0.06999999999999998,0.045454545454545414,"{""1"": 0.25589001417160034, ""2"": 0.21146900177001957}",0.63,0.5795454545454546,0.15655848829783625,-0.295,0.051136363636363646,0.23809523809523808,0.18371745979107945,75,65,9,51,0.23809523809523808,0
LightGBM,personal_status_sex,evaluated,oof_predictions,0.98,0.02298850574712641,-0.2575,True,0.1,oof_f1_global_threshold,0.42,0.73,-0.57,0.3977272727272727,0.3333333333333333,0.2068424803991447,-0.18999999999999995,0.285,-0.24957912457912457,"{""1"": 0.08445172898439215, ""2"": 0.0988399949291118, ""3"": 0.08396929207596618, ""4"": 0.06844898605351923}",0.54,0.5445544554455446,0.18488614136004966,-0.285,0.14814814814814814,0.40909090909090906,0.34782608695652173,53,87,5,55,0.40909090909090906,0
LightGBM,foreign_worker,evaluated,oof_predictions,0.98,0.016949152542372836,-0.24625,True,0.1,oof_f1_global_threshold,0.42,0.73,-0.57,,0.2222222222222222,0.3384615384615385,-0.20999999999999996,0.26499999999999996,,"{""1"": 0.25860648691143384, ""2"": 0.08426186886365088}",0.52,0.5339805825242718,0.18488614136004966,-0.305,,0.2592592592592592,0.3384615384615385,49,91,5,55,0.3384615384615385,0
LightGBM,age_group,evaluated,oof_predictions,0.98,0.007102272727272707,-0.26375,True,0.1,oof_f1_global_threshold,0.42,0.73,-0.57,0.03409090909090906,0.196078431372549,0.19200795887912453,-0.20499999999999996,0.26999999999999996,0.022727272727272707,"{""1"": 0.1003027527657315, ""2"": 0.08451265705397538}",0.525,0.5365853658536586,0.18488614136004966,-0.3,0.05681818181818177,0.14005602240896353,0.10528933841817278,50,90,5,55,0.14005602240896353,0
CatBoost,personal_status_sex,evaluated,oof_predictions,0.93,0.023682200152788435,-0.255,True,0.1,oof_f1_global_threshold,0.39,0.7,-0.525,0.5303030303030303,0.3333333333333333,0.14207650273224043,-0.15499999999999992,0.195,-0.30808080808080807,"{""1"": 0.06544993519196392, ""2"": 0.08926024951118457, ""3"": 0.11762272102851604, ""4"": 0.10255742158035869}",0.545,0.5380710659898477,0.1813690655573964,-0.33,0.2222222222222222,0.46590909090909094,0.408695652173913,56,84,7,53,0.46590909090909094,0
CatBoost,foreign_worker,evaluated,oof_predictions,0.91,0.08898305084745761,-0.2725,True,0.1,oof_f1_global_threshold,0.39,0.7,-0.525,,0.08148148148148149,0.19487179487179485,-0.1399999999999999,0.21000000000000002,,"{""1"": 0.08920354899144652, ""2"": 0.11871315522376785}",0.56,0.5463917525773195,0.1813690655573964,-0.315,,0.18518518518518512,0.27692307692307694,59,81,7,53,0.27692307692307694,0
CatBoost,age_group,evaluated,oof_predictions,0.93,0.005681818181818232,-0.28,True,0.1,oof_f1_global_threshold,0.39,0.7,-0.525,0.051136363636363646,0.23249299719887953,0.21787431603382523,-0.19499999999999995,0.20500000000000002,0.005681818181818121,"{""1"": 0.1505500650122142, ""2"": 0.07607143793698577}",0.505,0.5263157894736842,0.1813690655573964,-0.32,0.05681818181818177,0.0056022408963586345,0.014425468413198472,46,94,5,55,0.05681818181818177,0
Random Forest,personal_status_sex,evaluated,oof_predictions,0.92,0.021943573667711602,-0.225,True,0.1,oof_f1_global_threshold,0.28,0.625,-0.3,0.2592592592592593,0.5641025641025641,0.4608695652173913,-0.050000000000000044,0.0,0.0,"{""1"": 0.2429030710449231, ""2"": 0.1876017906060125, ""3"": 0.27677207597091613, ""4"": 0.1891951526502147}",0.575,0.5549738219895288,0.16641665028317196,-0.3,0.2592592592592593,0.5227272727272727,0.4608695652173913,62,78,7,53,0.5227272727272727,0
Random Forest,foreign_worker,evaluated,oof_predictions,0.9500000000000001,0.05084745762711862,-0.24375,True,0.1,oof_f1_global_threshold,0.28,0.625,-0.3,,0.28148148148148144,0.39487179487179486,-0.11499999999999999,-0.015000000000000013,,"{""1"": 0.37477370523996856, ""2"": 0.1850968922093431}",0.51,0.5288461538461539,0.16641665028317196,-0.315,,0.48148148148148145,0.5538461538461539,47,93,5,55,0.5538461538461539,0
Random Forest,age_group,evaluated,oof_predictions,0.9400000000000001,0.0,-0.245,True,0.1,oof_f1_global_threshold,0.28,0.625,-0.3,0.051136363636363646,0.22969187675070024,0.177582490465926,-0.10999999999999999,-0.06,0.045454545454545414,"{""1"": 0.284361182941437, ""2"": 0.187438861009386}",0.515,0.5221674876847291,0.16641665028317196,-0.36,0.09659090909090906,0.02801120448179273,0.018073288011938304,50,90,7,53,0.09659090909090906,0
Logistic Reg.,personal_status_sex,evaluated,oof_predictions,0.92,0.010449320794148398,-0.235,True,0.1,oof_f1_global_threshold,0.5,0.67,-0.53,0.5757575757575757,0.358974358974359,0.2240437158469945,-0.12,0.20500000000000002,-0.3535353535353535,"{""1"": 0.32640896415194154, ""2"": 0.27743383350277206, ""3"": 0.23504463729279193, ""4"": 0.2575557658527543}",0.55,0.5408163265306123,0.19650273967519993,-0.325,0.2222222222222222,0.6022727272727273,0.24541062801932367,57,83,7,53,0.6022727272727273,0
Logistic Reg.,foreign_worker,evaluated,oof_predictions,0.92,0.07627118644067798,-0.23625,True,0.1,oof_f1_global_threshold,0.5,0.67,-0.53,,0.1333333333333333,0.2358974358974359,-0.11499999999999999,0.21000000000000002,,"{""1"": 0.09872984477094571, ""2"": 0.249911458822713}",0.555,0.5435897435897435,0.19650273967519993,-0.32,,0.014814814814814836,0.07692307692307698,58,82,7,53,0.07692307692307698,0
Logistic Reg.,age_group,evaluated,oof_predictions,0.93,0.005681818181818232,-0.22125,True,0.1,oof_f1_global_threshold,0.5,0.67,-0.53,0.05681818181818177,0.2296918767507003,0.16879456143259824,-0.125,0.2,-0.045454545454545414,"{""1"": 0.2809530901947434, ""2"": 0.23090114570461368}",0.545,0.5380710659898477,0.19650273967519993,-0.33,0.011363636363636354,0.022408963585434205,0.05488310396285856,56,84,7,53,0.05488310396285856,0
TabNet,personal_status_sex,evaluated,oof_predictions,0.98,0.02298850574712641,-0.36,True,0.1,oof_f1_global_threshold,0.21,0.55,-0.65,0.8636363636363636,0.5795454545454546,0.32560386473429953,-0.24500000000000005,0.15500000000000003,-0.5673400673400674,"{""1"": 0.04304064065217972, ""2"": 0.010952667891979217, ""3"": 0.0038255115039646627, ""4"": 0.04796907849609852}",0.305,0.44621513944223107,0.2374639120383778,-0.495,0.2962962962962963,0.25,0.24927536231884062,5,135,4,56,0.2962962962962963,0
TabNet,foreign_worker,evaluated,oof_predictions,0.97,0.029661016949152574,-0.365,True,0.1,oof_f1_global_threshold,0.21,0.55,-0.65,,0.10370370370370363,0.15384615384615385,-0.23000000000000004,0.195,,"{""1"": 0.265499065220356, ""2"": 0.010546556184999644}",0.32,0.456,0.2374639120383778,-0.455,,0.5703703703703703,0.5641025641025641,7,133,3,57,0.5703703703703703,0
TabNet,age_group,evaluated,oof_predictions,0.9500000000000001,0.0042613636363636465,-0.36875,True,0.1,oof_f1_global_threshold,0.21,0.55,-0.65,0.11363636363636365,0.196078431372549,0.18736527938981928,-0.21000000000000002,0.14,0.022727272727272707,"{""1"": 0.014383194968104362, ""2"": 0.03135590143501758}",0.34,0.45,0.2374639120383778,-0.51,0.13636363636363635,0.06162464985994387,0.08953739015088713,14,126,6,54,0.13636363636363635,0
